location,Bed,Bath,Ft,price
Texas,4.0,2.5,1889.0,239000.0
Texas,3.0,1.0,1228.0,180000.0
Texas,2.0,1.0,1032.0,195000.0
Texas,3.0,2.0,2331.0,290000.0
Texas,4.0,2.0,1754.0,265000.0
Texas,2.0,1.0,907.0,160000.0
Texas,3.0,1.0,1269.0,190000.0
Texas,3.0,1.0,1364.0,180000.0
Texas,3.0,2.5,1664.0,266000.0
Texas,4.0,2.0,2185.0,340000.0
Texas,3.0,2.0,2144.0,363990.0
Texas,5.0,2.5,2728.0,414990.0
Texas,5.0,2.5,2728.0,414990.0
Texas,3.0,2.0,2144.0,363990.0
Texas,4.0,3.0,2325.0,384990.0
Texas,4.0,3.0,2325.0,384990.0
Texas,4.0,3.0,2144.0,381990.0
Texas,4.0,3.0,2012.0,356900.0
Texas,4.0,3.0,2144.0,381990.0
Texas,3.0,2.0,2126.0,364990.0
Texas,4.0,2.0,2045.0,356990.0
Texas,4.0,2.0,2045.0,356990.0
Texas,3.0,2.0,2126.0,364990.0
Texas,4.0,3.5,2795.0,423090.0
Texas,3.0,2.0,1754.0,295882.0
Texas,3.0,2.5,2447.0,344990.0
Texas,4.0,3.0,2012.0,324990.0
Texas,4.0,3.0,2486.0,390990.0
Texas,4.0,2.0,1788.0,329990.0
Texas,4.0,3.0,2486.0,390990.0
Texas,4.0,2.0,1788.0,329990.0
Texas,4.0,3.0,2471.0,374990.0
Texas,3.0,2.5,2447.0,351990.0
Texas,3.0,2.0,1508.0,289990.0
Texas,5.0,3.5,2739.0,372990.0
Texas,4.0,3.0,2471.0,374990.0
Texas,5.0,3.0,2739.0,372990.0
Texas,3.0,2.0,1689.0,304000.0
Texas,3.0,2.0,1605.0,312990.0
Texas,3.0,2.0,1605.0,312990.0
Texas,3.0,2.0,1798.0,327990.0
Texas,5.0,3.5,2930.0,383990.0
Texas,5.0,3.0,2930.0,383990.0
Texas,3.0,2.0,1798.0,327990.0
Texas,5.0,3.5,2930.0,376990.0
Texas,5.0,3.0,2930.0,376990.0
Texas,3.0,2.0,1619.0,284990.0
Texas,3.0,2.0,2097.0,321990.0
Texas,4.0,2.0,1749.0,302990.0
Texas,4.0,2.0,2000.0,311990.0
Texas,4.0,2.0,1882.0,306990.0
Texas,4.0,3.0,2277.0,336990.0
Texas,4.0,2.5,2699.0,355990.0
Texas,3.0,2.0,1751.0,301990.0
Texas,4.0,2.5,2897.0,359990.0
Texas,4.0,3.0,2423.0,351990.0
Texas,4.0,3.0,2325.0,457990.0
Texas,4.0,2.5,2517.0,340990.0
Texas,3.0,2.0,1590.0,296990.0
Texas,3.0,2.0,1550.0,291990.0
Texas,4.0,2.5,2697.0,350990.0
Texas,5.0,3.0,2736.0,364990.0
Texas,4.0,2.5,1860.0,312990.0
Texas,4.0,3.0,2575.0,425000.0
Texas,4.0,2.5,2513.0,375000.0
Texas,4.0,3.0,2792.0,513990.0
Texas,4.0,3.0,2366.0,365000.0
Texas,5.0,3.5,3780.0,400000.0
Texas,3.0,2.0,1629.0,334900.0
Texas,4.0,3.0,1991.0,444000.0
Texas,4.0,2.5,2282.0,298000.0
Texas,3.0,3.0,2445.0,440000.0
Texas,4.0,2.0,2129.0,294900.0
Texas,4.0,3.5,2853.0,324000.0
Texas,3.0,2.0,1825.0,309000.0
Texas,4.0,2.0,1890.0,305000.0
Texas,4.0,3.0,2200.0,320000.0
Texas,4.0,2.5,2452.0,330000.0
Texas,3.0,2.0,1626.0,315000.0
Texas,4.0,2.5,2182.0,355000.0
Texas,3.0,2.0,1604.0,312000.0
Texas,3.0,3.0,2163.0,340000.0
Texas,4.0,2.5,2561.0,359000.0
Texas,4.0,3.5,3367.0,335000.0
Texas,3.0,2.5,2127.0,355000.0
Texas,4.0,3.0,2127.0,334999.0
Texas,3.0,2.5,2123.0,339950.0
Texas,4.0,2.0,1804.0,336000.0
Texas,3.0,2.0,1835.0,321422.0
Texas,4.0,2.0,2164.0,349999.0
Texas,3.0,2.0,1932.0,316990.0
Texas,2.0,1.5,1008.0,450000.0
Texas,2.0,1.0,722.0,150000.0
Texas,3.0,1.0,1412.0,219900.0
Texas,3.0,2.5,1419.0,231000.0
Texas,4.0,2.5,2232.0,279990.0
Texas,3.0,1.0,1019.0,135000.0
Texas,5.0,3.0,2202.0,375000.0
Texas,3.0,2.0,1480.0,265000.0
Texas,2.0,1.0,720.0,98000.0
Texas,5.0,2.5,3707.0,1265000.0
Texas,3.0,2.5,1664.0,250000.0
Texas,4.0,3.0,2643.0,369000.0
Texas,4.0,2.0,1732.0,259900.0
Texas,4.0,2.0,1720.0,269000.0
Texas,3.0,2.0,1457.0,196000.0
Texas,3.0,2.0,1800.0,139000.0
Texas,4.0,2.0,1696.0,230000.0
Texas,3.0,2.5,2448.0,280000.0
Texas,3.0,2.5,2770.0,495000.0
Texas,3.0,2.0,1695.0,275000.0
Texas,3.0,2.5,1650.0,280000.0
Texas,4.0,3.5,2780.0,464999.0
Texas,3.0,1.5,1148.0,137000.0
Texas,2.0,1.0,,139810.0
Texas,2.0,1.0,798.0,189000.0
Texas,3.0,2.0,1492.0,250000.0
Texas,3.0,2.0,1638.0,289000.0
Texas,2.0,1.0,1120.0,160000.0
Texas,3.0,1.5,1716.0,213000.0
Texas,3.0,2.0,2014.0,259900.0
Texas,3.0,1.0,1356.0,175000.0
Texas,4.0,2.5,2510.0,365000.0
Texas,4.0,1.5,1814.0,240000.0
Texas,5.0,3.0,2425.0,150000.0
Texas,4.0,2.0,1964.0,249999.0
Texas,5.0,3.0,2894.0,265000.0
Texas,4.0,3.5,2916.0,549000.0
Texas,2.0,2.0,1197.0,248888.0
Texas,3.0,2.0,1758.0,449900.0
Texas,3.0,2.0,2080.0,499900.0
Texas,3.0,2.0,1636.0,240000.0
Texas,4.0,1.0,1204.0,214975.0
Texas,3.0,1.0,1224.0,179900.0
Texas,3.0,1.0,1334.0,165000.0
Texas,5.0,2.5,2517.0,400000.0
Texas,3.0,2.0,1236.0,199900.0
Texas,3.0,1.5,1474.0,179500.0
Texas,3.0,4.0,2877.0,649000.0
Texas,3.0,1.5,1370.0,132000.0
Texas,3.0,2.0,1485.0,210500.0
Texas,3.0,2.5,1470.0,210000.0
Texas,3.0,2.0,1363.0,169950.0
Texas,3.0,2.5,2180.0,535000.0
Texas,3.0,1.0,1158.0,155000.0
Texas,3.0,1.0,848.0,119900.0
Texas,4.0,2.0,1899.0,249900.0
Texas,3.0,2.5,2024.0,325000.0
Texas,5.0,3.5,3549.0,450000.0
Texas,3.0,2.0,1348.0,245000.0
Texas,3.0,2.0,1456.0,249900.0
Texas,4.0,2.0,1311.0,228700.0
Texas,5.0,3.5,3040.0,372500.0
Texas,4.0,1.5,1839.0,223777.0
Texas,2.0,1.0,768.0,55000.0
Texas,3.0,2.0,2028.0,259900.0
Texas,5.0,3.5,3055.0,429900.0
Texas,4.0,2.0,1962.0,259990.0
Texas,5.0,2.0,2092.0,199990.0
Texas,4.0,2.5,2565.0,325000.0
Texas,4.0,3.5,2821.0,379000.0
Texas,4.0,2.0,1507.0,199999.0
Texas,3.0,2.5,1914.0,290000.0
Texas,3.0,2.0,1178.0,169990.0
Texas,4.0,3.0,1820.0,305000.0
Texas,3.0,2.5,2290.0,335000.0
Texas,3.0,2.0,1476.0,295000.0
Texas,3.0,2.0,2043.0,199000.0
Texas,4.0,2.0,965.0,154990.0
Texas,4.0,3.5,2920.0,399000.0
Texas,5.0,2.0,2820.0,175000.0
Texas,5.0,2.0,1768.0,179000.0
Texas,3.0,1.0,1931.0,219000.0
Texas,4.0,3.5,2984.0,410000.0
Texas,4.0,2.0,1796.0,302000.0
Texas,4.0,1.0,1274.0,174900.0
Texas,3.0,2.5,2308.0,240000.0
Texas,4.0,2.0,1577.0,244900.0
Texas,4.0,2.5,2260.0,319900.0
Texas,4.0,5.0,3304.0,563000.0
Texas,4.0,3.0,2562.0,342000.0
Texas,3.0,1.0,1150.0,160000.0
Texas,2.0,2.0,1327.0,175000.0
Texas,3.0,2.0,1687.0,264999.0
Texas,3.0,2.0,1588.0,199500.0
Texas,4.0,2.5,2182.0,349000.0
Texas,3.0,1.5,1059.0,150000.0
Texas,3.0,2.0,1741.0,322900.0
Texas,3.0,2.5,2338.0,675000.0
Texas,4.0,2.0,1517.0,220000.0
Texas,3.0,2.0,1376.0,345000.0
Texas,3.0,2.0,976.0,169000.0
Texas,3.0,2.5,1713.0,325000.0
Texas,4.0,3.0,3217.0,439999.0
Texas,4.0,3.5,3238.0,539900.0
Texas,3.0,2.5,1870.0,305000.0
Texas,3.0,2.0,1437.0,259900.0
Texas,4.0,3.0,2204.0,349000.0
Texas,3.0,2.0,2485.0,359500.0
Texas,3.0,1.5,1203.0,229000.0
Texas,3.0,2.0,1418.0,224990.0
Texas,,2.0,804.0,325000.0
Texas,3.0,1.0,1095.0,199900.0
Texas,4.0,3.5,3262.0,795000.0
Texas,4.0,3.0,3295.0,435000.0
Texas,4.0,2.0,1825.0,311000.0
Texas,3.0,1.0,1385.0,171500.0
Texas,4.0,3.5,3295.0,369990.0
Texas,3.0,1.0,1444.0,170000.0
Texas,3.0,2.0,1854.0,255000.0
Texas,2.0,2.0,1316.0,195500.0
Texas,3.0,2.5,2700.0,599900.0
Texas,5.0,3.0,2202.0,360000.0
Texas,4.0,2.0,1852.0,255000.0
Texas,2.0,2.0,1272.0,249500.0
Texas,4.0,2.5,2006.0,335000.0
Texas,2.0,2.0,1000.0,250000.0
Texas,3.0,2.5,1870.0,345000.0
Texas,3.0,2.0,1727.0,232000.0
Texas,3.0,1.5,1795.0,160000.0
Texas,4.0,2.0,1488.0,123788.0
Texas,3.0,2.0,1884.0,325000.0
Texas,4.0,2.5,2595.0,299900.0
Texas,4.0,2.5,2070.0,308500.0
Texas,4.0,2.5,2310.0,310000.0
Texas,3.0,2.0,2409.0,230000.0
Texas,3.0,1.5,1414.0,150000.0
Texas,3.0,2.0,1373.0,229000.0
Texas,2.0,1.0,640.0,125000.0
Texas,4.0,2.0,1478.0,179990.0
Texas,4.0,3.0,2632.0,614990.0
Texas,4.0,3.5,4618.0,529000.0
Texas,4.0,2.5,2394.0,299000.0
Texas,3.0,2.5,1760.0,298900.0
Texas,3.0,2.0,1420.0,174999.0
Texas,2.0,1.0,768.0,80000.0
Texas,3.0,1.5,1184.0,129000.0
Texas,3.0,2.0,1582.0,194900.0
Texas,3.0,2.0,1608.0,358000.0
Texas,4.0,1.0,2599.0,170000.0
Texas,4.0,3.5,3576.0,824000.0
Texas,5.0,3.0,2811.0,450000.0
Texas,3.0,2.0,1964.0,215000.0
Texas,4.0,1.5,1477.0,190000.0
Texas,3.0,2.5,2108.0,349000.0
Texas,3.0,1.0,1090.0,138000.0
Texas,4.0,2.0,1655.0,239975.0
Texas,2.0,1.0,744.0,148000.0
Texas,3.0,2.0,1564.0,385000.0
Texas,3.0,2.0,1912.0,310000.0
Texas,3.0,2.0,1638.0,285000.0
Texas,4.0,2.5,2852.0,410000.0
Texas,3.0,2.0,1256.0,140000.0
Texas,3.0,1.5,1180.0,104000.0
Texas,4.0,2.5,1850.0,149900.0
Texas,3.0,2.0,1297.0,179000.0
Texas,3.0,1.0,960.0,193999.0
Texas,2.0,1.5,1616.0,114900.0
Texas,3.0,2.5,1983.0,297500.0
Texas,4.0,3.0,2964.0,415000.0
Texas,4.0,2.0,1683.0,209995.0
Texas,4.0,2.5,2733.0,345000.0
Texas,3.0,2.0,1432.0,149997.0
Texas,2.0,1.0,1139.0,797000.0
Texas,3.0,2.0,23824.0,3165000.0
Texas,3.0,2.0,1050.0,109900.0
Texas,2.0,2.0,1235.0,109000.0
Texas,5.0,3.5,3520.0,420000.0
Texas,3.0,2.5,1988.0,788000.0
Texas,3.0,1.0,1176.0,135000.0
Texas,3.0,2.0,1648.0,338900.0
Texas,4.0,3.5,2915.0,439900.0
Texas,4.0,3.5,2415.0,409900.0
Texas,4.0,2.0,1949.0,279000.0
Texas,4.0,3.0,3174.0,463720.0
Texas,4.0,2.5,2290.0,399000.0
Texas,3.0,2.5,1778.0,399000.0
Texas,4.0,3.0,1759.0,321905.0
Texas,3.0,2.5,2051.0,399000.0
Texas,4.0,3.5,2548.0,374140.0
Texas,3.0,2.5,1872.0,253770.0
Texas,3.0,2.0,2517.0,415990.0
Texas,4.0,2.0,2160.0,384900.0
Texas,4.0,2.0,2188.0,368900.0
Texas,3.0,2.0,1958.0,376900.0
Texas,3.0,2.0,1850.0,349900.0
Texas,3.0,2.0,1850.0,349900.0
Texas,3.0,2.0,1648.0,328900.0
Texas,3.0,2.5,2051.0,390194.0
Texas,3.0,2.0,1998.0,280000.0
Texas,4.0,3.5,2377.0,530878.0
Texas,4.0,3.5,2377.0,499237.0
Texas,4.0,3.0,2582.0,471554.0
Texas,4.0,3.5,2700.0,454790.0
Texas,4.0,3.5,3477.0,574882.0
Texas,4.0,3.0,2583.0,524990.0
Texas,4.0,2.0,2134.0,449990.0
Texas,4.0,2.5,2513.0,367504.0
Texas,3.0,2.0,1824.0,354740.0
Texas,4.0,2.0,1688.0,318640.0
Texas,3.0,2.0,1409.0,264990.0
Texas,4.0,2.0,1796.0,239990.0
Texas,4.0,2.0,1680.0,269990.0
Texas,4.0,2.0,1796.0,264990.0
Texas,4.0,2.0,1680.0,234990.0
Texas,4.0,3.0,2731.0,419140.0
Texas,3.0,2.0,1601.0,325990.0
Texas,4.0,3.5,3477.0,574439.0
Texas,5.0,4.5,3800.0,584365.0
Texas,4.0,3.0,2246.0,458990.0
Texas,3.0,2.0,1850.0,344900.0
Texas,4.0,2.0,1941.0,358900.0
Texas,3.0,2.0,1824.0,330340.0
Texas,3.0,2.5,2051.0,399000.0
Texas,4.0,3.5,2548.0,392140.0
Texas,4.0,2.5,2178.0,349900.0
Texas,4.0,2.5,1785.0,319900.0
Texas,4.0,2.0,2101.0,349990.0
Texas,3.0,2.0,1604.0,288971.0
Texas,4.0,3.5,2667.0,395000.0
Texas,3.0,2.0,1629.0,285000.0
Texas,4.0,2.0,2188.0,373900.0
Texas,4.0,2.0,1941.0,358900.0
Texas,4.0,2.0,2160.0,384900.0
Texas,4.0,2.5,2258.0,342900.0
Texas,4.0,2.0,1778.0,288990.0
Texas,3.0,2.0,1958.0,364900.0
Texas,4.0,2.0,1750.0,318490.0
Texas,4.0,3.5,3435.0,558311.0
Texas,3.0,2.5,1676.0,239995.0
Texas,4.0,3.0,1812.0,249995.0
Texas,3.0,2.0,1682.0,291432.0
Texas,4.0,2.0,1820.0,308900.0
Texas,4.0,2.5,2109.0,360000.0
Texas,3.0,2.5,1778.0,369090.0
Texas,5.0,6.0,3686.0,502750.0
Texas,3.0,2.5,1778.0,375770.0
Texas,3.0,2.0,1800.0,299000.0
Texas,3.0,2.5,1936.0,399000.0
Texas,3.0,2.0,1500.0,261990.0
Texas,3.0,2.5,2051.0,399000.0
Texas,4.0,2.0,2020.0,325900.0
Texas,4.0,3.0,2200.0,344900.0
Texas,4.0,3.0,2041.0,349990.0
Texas,4.0,2.5,2472.0,347990.0
Texas,3.0,2.5,2160.0,499990.0
Texas,4.0,4.0,2579.0,539990.0
Texas,3.0,2.5,2160.0,519990.0
Texas,4.0,4.0,2679.0,549990.0
Texas,3.0,2.0,1571.0,239900.0
Texas,4.0,3.5,3436.0,568625.0
Texas,4.0,3.5,3435.0,558359.0
Texas,3.0,2.0,1571.0,239900.0
Texas,4.0,2.5,2513.0,355000.0
Texas,3.0,2.0,1915.0,315000.0
Texas,3.0,2.0,1614.0,299900.0
Texas,3.0,2.0,1717.0,307900.0
Texas,4.0,2.0,2057.0,371413.0
Texas,3.0,2.0,1717.0,300900.0
Texas,4.0,2.0,1820.0,312900.0
Texas,4.0,3.5,2486.0,384900.0
Texas,4.0,2.0,2152.0,469990.0
Texas,4.0,2.0,1832.0,328990.0
Texas,4.0,2.5,2596.0,308433.0
Texas,4.0,2.0,1542.0,249000.0
Texas,3.0,2.5,2004.0,286624.0
Texas,4.0,2.5,2507.0,350000.0
Texas,3.0,2.0,1631.0,262104.0
Texas,4.0,3.5,3158.0,489990.0
Texas,3.0,2.0,2200.0,402990.0
Texas,3.0,2.0,1974.0,379990.0
Texas,4.0,3.0,2150.0,410990.0
Texas,5.0,3.0,2832.0,389990.0
Texas,3.0,2.5,2004.0,274995.0
Texas,3.0,2.5,2372.0,287297.0
Texas,4.0,3.5,3109.0,481990.0
Texas,3.0,2.0,1932.0,322990.0
Texas,4.0,3.0,2012.0,327990.0
Texas,3.0,2.5,2220.0,339990.0
Texas,3.0,2.0,1786.0,309990.0
Texas,4.0,2.5,1785.0,299990.0
Texas,4.0,2.0,1521.0,279990.0
Texas,4.0,2.5,2003.0,319990.0
Texas,4.0,2.0,1582.0,286990.0
Texas,4.0,2.5,2178.0,328990.0
Texas,5.0,2.5,2439.0,345990.0
Texas,4.0,2.5,2260.0,332990.0
Texas,3.0,2.5,2160.0,454990.0
Texas,3.0,2.5,2160.0,459990.0
Texas,4.0,3.0,2557.0,419990.0
Texas,3.0,2.0,1875.0,389990.0
Texas,4.0,3.0,2582.0,454990.0
Texas,3.0,2.5,2160.0,449990.0
Texas,4.0,3.0,2557.0,489990.0
Texas,4.0,2.0,2020.0,311900.0
Texas,4.0,2.0,1820.0,345900.0
Texas,4.0,2.5,2334.0,333000.0
Texas,2.0,2.0,1042.0,219995.0
Texas,3.0,3.0,2116.0,468000.0
Texas,3.0,2.5,2409.0,537000.0
Texas,3.0,2.5,2409.0,532000.0
Texas,3.0,2.5,2409.0,592000.0
Texas,4.0,2.0,2020.0,354900.0
Texas,4.0,2.0,1635.0,306900.0
Texas,4.0,3.0,2325.0,334900.0
Texas,4.0,2.5,2507.0,355233.0
Texas,3.0,2.0,1915.0,310314.0
Texas,4.0,2.5,2513.0,358740.0
Texas,3.0,2.5,2004.0,276995.0
Texas,4.0,2.5,2596.0,299995.0
Texas,3.0,2.5,1737.0,295000.0
Texas,4.0,3.5,2697.0,450000.0
Texas,3.0,2.5,1689.0,290000.0
Texas,3.0,2.0,1614.0,299900.0
Texas,4.0,2.0,2070.0,383702.0
Texas,3.0,2.0,1614.0,304990.0
Texas,3.0,2.0,1931.0,323990.0
Texas,4.0,2.0,2070.0,346990.0
Texas,3.0,3.0,2711.0,469990.0
Texas,4.0,2.0,1825.0,317400.0
Texas,4.0,3.5,2884.0,499990.0
Texas,4.0,2.0,2020.0,312900.0
Texas,3.0,2.5,2386.0,380000.0
Texas,4.0,3.5,3125.0,539922.0
Texas,4.0,3.0,2731.0,350000.0
Texas,3.0,2.0,2517.0,433990.0
Texas,4.0,3.5,2548.0,447990.0
Texas,4.0,3.5,2666.0,449990.0
Texas,4.0,3.5,2795.0,448990.0
Texas,3.0,2.5,2386.0,423990.0
Texas,5.0,4.5,3308.0,516990.0
Texas,4.0,3.0,2731.0,439990.0
Texas,3.0,2.5,1737.0,297000.0
Texas,4.0,2.0,1820.0,305900.0
Texas,3.0,2.0,1857.0,355000.0
Texas,3.0,2.5,2099.0,375000.0
Texas,3.0,2.5,1963.0,312000.0
Texas,3.0,2.5,1689.0,290780.0
Texas,3.0,2.5,1963.0,315000.0
Texas,3.0,2.5,2644.0,708750.0
Texas,3.0,2.5,2285.0,719250.0
Texas,3.0,2.5,2160.0,646380.0
Texas,3.0,2.5,2450.0,635000.0
Texas,4.0,3.5,2574.0,425310.0
Texas,3.0,2.0,1422.0,229000.0
Texas,3.0,1.0,1129.0,130000.0
Texas,3.0,1.0,1017.0,180500.0
Texas,4.0,2.0,2010.0,232000.0
Texas,3.0,2.5,2123.0,282000.0
Texas,4.0,2.0,1693.0,249000.0
Texas,4.0,2.5,2802.0,280000.0
Texas,4.0,2.0,2191.0,179900.0
Texas,4.0,3.0,1861.0,256500.0
Texas,4.0,3.0,2351.0,315000.0
Texas,4.0,3.5,3195.0,360000.0
Texas,3.0,3.0,2014.0,110000.0
Texas,2.0,2.5,1188.0,180000.0
Texas,3.0,2.0,1480.0,239000.0
Texas,4.0,2.0,1250.0,82500.0
Texas,1.0,1.5,644.0,249000.0
Texas,4.0,2.5,3260.0,709500.0
Texas,4.0,2.0,1281.0,199900.0
Texas,3.0,2.5,1831.0,825000.0
Texas,3.0,2.0,1443.0,500000.0
Texas,3.0,2.0,1312.0,199999.0
Texas,4.0,2.5,2166.0,283000.0
Texas,3.0,3.0,2368.0,439900.0
Texas,3.0,2.5,2344.0,899000.0
Texas,3.0,1.0,1054.0,155000.0
Texas,3.0,1.0,1236.0,480000.0
Texas,2.0,2.5,1920.0,380000.0
Texas,2.0,3.0,1064.0,599950.0
Texas,10.0,12.0,7600.0,1650000.0
Texas,6.0,4.0,3180.0,625000.0
Texas,5.0,3.5,5062.0,1199000.0
Texas,2.0,2.0,1316.0,169000.0
Texas,4.0,3.0,2229.0,405990.0
Texas,4.0,2.0,2081.0,393990.0
Texas,4.0,2.5,2109.0,370000.0
Texas,3.0,2.5,2423.0,449990.0
Texas,4.0,2.5,2513.0,390000.0
Texas,4.0,4.5,3609.0,679990.0
Texas,4.0,4.0,2867.0,609990.0
Texas,4.0,4.5,3609.0,649990.0
Texas,3.0,2.0,1651.0,340000.0
Texas,4.0,3.5,2803.0,501990.0
Texas,4.0,3.0,2614.0,487990.0
Texas,3.0,2.5,2423.0,474990.0
Texas,4.0,3.5,3053.0,514990.0
Alaska,4.0,2.5,2994.0,1300000.0
Alaska,2.0,1.0,1571.0,365000.0
Alaska,3.0,3.5,5291.0,1450000.0
Alaska,4.0,2.5,2550.0,1400000.0
Alaska,3.0,1.0,952.0,330000.0
Alaska,1.0,2.0,1060.0,355000.0
Alaska,4.0,2.0,1764.0,383900.0
Alaska,3.0,2.0,1352.0,359000.0
Alaska,2.0,2.5,2288.0,725000.0
Alaska,3.0,2.5,1370.0,385000.0
Alaska,2.0,2.0,1632.0,299000.0
Alaska,3.0,1.0,1819.0,199900.0
Alaska,4.0,4.0,4594.0,1299000.0
Alaska,1.0,0.5,450.0,145000.0
Alaska,5.0,3.0,2976.0,2050000.0
Alaska,1.0,1.0,1100.0,285000.0
Alaska,1.0,1.0,893.0,175000.0
Alaska,3.0,2.0,1256.0,324900.0
Alaska,3.0,1.0,480.0,110000.0
Alaska,6.0,3.5,2592.0,650000.0
Alaska,2.0,2.0,1048.0,349000.0
Alaska,3.0,2.0,1374.0,729000.0
Alaska,2.0,1.0,888.0,160000.0
Alaska,11.0,11.0,11529.0,849000.0
Alaska,3.0,2.5,2255.0,599000.0
Alaska,2.0,2.0,1200.0,399900.0
Alaska,3.0,2.0,1863.0,424000.0
Alaska,4.0,2.5,2800.0,795000.0
Alaska,4.0,2.0,1896.0,295000.0
Alaska,4.0,3.5,3200.0,699000.0
Alaska,3.0,2.0,2454.0,597000.0
Alaska,3.0,3.5,2150.0,1200000.0
Alaska,4.0,2.0,1836.0,455000.0
Alaska,3.0,2.5,2420.0,645000.0
Alaska,4.0,4.0,3614.0,674000.0
Alaska,5.0,4.0,4641.0,1795000.0
Alaska,3.0,2.0,1312.0,435000.0
Alaska,3.0,2.0,1440.0,390000.0
Alaska,4.0,2.0,2288.0,1100000.0
Alaska,3.0,2.5,1920.0,675000.0
Alaska,4.0,2.0,2288.0,675000.0
Alaska,5.0,3.5,2677.0,470000.0
Alaska,3.0,4.0,3362.0,614900.0
Alaska,3.0,1.5,1424.0,750000.0
Alaska,2.0,2.5,2016.0,499900.0
Alaska,7.0,4.0,2256.0,725000.0
Alaska,3.0,2.5,1700.0,450000.0
Alaska,5.0,4.0,3384.0,535000.0
Alaska,3.0,2.0,3240.0,1100000.0
Alaska,1.0,,288.0,108000.0
Alaska,12.0,11.0,12000.0,3300000.0
Alaska,4.0,2.0,1824.0,449500.0
Alaska,1.0,,252.0,70000.0
Alaska,1.0,0.5,750.0,285000.0
Alaska,1.0,,456.0,85000.0
Alaska,6.0,2.5,2898.0,735000.0
Alaska,4.0,6.0,4353.0,1180000.0
Alaska,2.0,3.0,2964.0,940000.0
Alaska,3.0,2.0,1568.0,294000.0
Alaska,2.0,1.0,1192.0,170000.0
Alaska,4.0,3.0,2550.0,699000.0
Alaska,8.0,5.0,5840.0,1550000.0
Alaska,3.0,2.0,960.0,278250.0
Alaska,5.0,3.5,4593.0,679900.0
Alaska,3.0,2.0,1856.0,375000.0
Alaska,4.0,2.5,2445.0,350000.0
Alaska,1.0,1.0,576.0,194750.0
Alaska,3.0,2.5,3158.0,399900.0
Alaska,2.0,1.0,672.0,129900.0
Alaska,3.0,2.0,1740.0,375000.0
Alaska,4.0,3.0,1868.0,355000.0
Alaska,3.0,2.0,1680.0,430000.0
Alaska,6.0,5.0,4500.0,275000.0
Alaska,4.0,3.0,2880.0,865000.0
Alaska,3.0,2.0,1956.0,315000.0
Alaska,3.0,2.0,2135.0,989000.0
Alaska,3.0,1.5,1856.0,360000.0
Alaska,3.0,2.0,2004.0,449900.0
Alaska,5.0,3.5,3000.0,715000.0
Alaska,4.0,2.0,2279.0,665000.0
Alaska,3.0,1.0,1032.0,349500.0
Alaska,3.0,2.5,2199.0,585000.0
Alaska,2.0,1.0,1260.0,225900.0
Alaska,3.0,2.0,2100.0,535000.0
Alaska,2.0,1.0,1578.0,249900.0
Alaska,5.0,3.5,3202.0,695000.0
Alaska,3.0,4.5,2936.0,925000.0
Alaska,3.0,2.5,2328.0,649900.0
Alaska,3.0,1.5,1406.0,325000.0
Alaska,3.0,2.0,1374.0,659000.0
Alaska,3.0,4.0,7410.0,995000.0
Alaska,4.0,2.0,1588.0,490000.0
Alaska,3.0,2.0,1485.0,410000.0
Alaska,5.0,3.0,2514.0,525000.0
Alaska,2.0,2.0,1192.0,304900.0
Alaska,3.0,3.0,2798.0,698000.0
Alaska,4.0,3.5,3924.0,899000.0
Alaska,4.0,2.0,2690.0,595000.0
Alaska,2.0,2.5,2405.0,820000.0
Alaska,4.0,2.5,1960.0,399900.0
Alaska,3.0,2.0,1636.0,435000.0
Alaska,4.0,2.0,2240.0,399000.0
Alaska,2.0,1.0,1008.0,94900.0
Alaska,3.0,2.0,1784.0,539000.0
Alaska,5.0,4.0,4000.0,699000.0
Alaska,,,234.0,165000.0
Alaska,6.0,3.5,4673.0,1950000.0
Alaska,4.0,2.0,2040.0,585000.0
Alaska,4.0,2.5,2172.0,710000.0
Alaska,3.0,2.5,1816.0,379900.0
Alaska,3.0,1.0,960.0,270000.0
Alaska,3.0,3.5,3358.0,1100000.0
Alaska,3.0,2.0,1629.0,382500.0
Alaska,5.0,3.5,2763.0,619000.0
Alaska,3.0,2.0,1969.0,615000.0
Alaska,2.0,2.5,1342.0,385000.0
Alaska,3.0,2.0,2068.0,499000.0
Alaska,4.0,3.0,4111.0,2195000.0
Alaska,3.0,2.0,2796.0,539000.0
Alaska,2.0,2.0,1321.0,419000.0
Alaska,3.0,2.5,2300.0,470000.0
Alaska,4.0,2.0,,599000.0
Alaska,3.0,2.0,1870.0,455000.0
Alaska,6.0,3.5,2932.0,609000.0
Alaska,4.0,3.0,2841.0,715000.0
Alaska,3.0,2.0,1852.0,475000.0
Alaska,3.0,2.0,1886.0,425000.0
Alaska,2.0,2.5,2200.0,895000.0
Alaska,4.0,2.0,1922.0,449000.0
Alaska,1.0,2.0,780.0,450000.0
Alaska,3.0,2.5,1780.0,472900.0
Alaska,4.0,3.5,2646.0,695000.0
Alaska,3.0,2.0,1764.0,485000.0
Alaska,3.0,2.0,1662.0,485000.0
Alaska,3.0,3.5,4075.0,795000.0
Alaska,3.0,2.0,2000.0,459000.0
Alaska,5.0,5.0,2912.0,439000.0
Alaska,3.0,2.0,2177.0,477000.0
Alaska,3.0,2.0,1796.0,420000.0
Alaska,3.0,3.0,2900.0,450000.0
Alaska,2.0,1.5,1290.0,419000.0
Alaska,3.0,3.0,3400.0,525000.0
Alaska,3.0,2.0,1852.0,478000.0
Alaska,3.0,2.0,1736.0,429500.0
Alaska,5.0,3.0,3142.0,480000.0
Alaska,3.0,2.5,2198.0,495000.0
Alaska,,,,250000.0
Alaska,3.0,1.0,1250.0,289900.0
Alaska,5.0,3.0,4481.0,1150000.0
Alaska,5.0,4.5,4596.0,1475000.0
Alaska,5.0,3.0,4078.0,1150000.0
Alaska,3.0,2.5,1700.0,375000.0
Alaska,3.0,2.5,2070.0,415000.0
Alaska,4.0,2.0,2090.0,565000.0
Alaska,1.0,,320.0,43000.0
Alaska,2.0,1.5,1016.0,745000.0
Alaska,5.0,2.0,1900.0,415000.0
Alaska,3.0,2.0,1968.0,180000.0
Alaska,1.0,1.0,600.0,149000.0
Alaska,3.0,4.0,3283.0,888000.0
Alaska,5.0,2.0,2460.0,150000.0
Alaska,3.0,2.5,1584.0,409900.0
Alaska,3.0,1.5,1148.0,300000.0
Alaska,3.0,1.0,1040.0,289900.0
Alaska,5.0,3.0,3088.0,375000.0
Alaska,3.0,2.0,1872.0,379900.0
Alaska,3.0,2.5,3721.0,655000.0
Alaska,3.0,2.0,2280.0,375000.0
Alaska,3.0,2.5,1950.0,388000.0
Alaska,3.0,2.0,1344.0,340000.0
Alaska,4.0,4.5,4991.0,1800000.0
Alaska,1.0,1.5,1100.0,247000.0
Alaska,4.0,4.5,4991.0,1350000.0
Alaska,3.0,2.0,1092.0,285000.0
Alaska,4.0,2.5,2708.0,675000.0
Alaska,4.0,2.5,2019.0,575000.0
Alaska,4.0,3.5,3709.0,895000.0
Alaska,2.0,1.0,1300.0,279900.0
Alaska,1.0,1.0,648.0,249900.0
Alaska,4.0,3.0,1872.0,695000.0
Alaska,4.0,2.0,1464.0,342000.0
Alaska,3.0,1.0,1800.0,265000.0
Alaska,3.0,2.5,2254.0,545000.0
Alaska,2.0,1.5,1020.0,629000.0
Alaska,,,216.0,39900.0
Alaska,4.0,3.5,2900.0,1100000.0
Alaska,5.0,3.0,2846.0,599900.0
Alaska,2.0,2.0,1920.0,325000.0
Alaska,4.0,3.0,2621.0,610000.0
Alaska,3.0,2.0,1560.0,428000.0
Alaska,2.0,1.0,1488.0,244900.0
Alaska,3.0,2.0,1351.0,347500.0
Alaska,3.0,4.0,2904.0,475000.0
Alaska,3.0,2.0,1707.0,419900.0
Alaska,4.0,2.5,2244.0,749000.0
Alaska,3.0,2.5,2422.0,349900.0
Alaska,4.0,3.0,2708.0,828000.0
Alaska,2.0,2.5,1520.0,375000.0
Alaska,2.0,2.0,1680.0,385000.0
Alaska,3.0,2.0,1864.0,454500.0
Alaska,7.0,2.0,2805.0,340000.0
Alaska,2.0,2.0,1069.0,200000.0
Alaska,2.0,2.0,1352.0,530000.0
Alaska,4.0,2.5,2574.0,645000.0
Alaska,1.0,,320.0,145000.0
Alaska,1.0,1.0,512.0,235000.0
Alaska,2.0,1.0,1238.0,275000.0
Alaska,3.0,3.0,2080.0,845000.0
Alaska,3.0,1.5,1508.0,365000.0
Alaska,3.0,2.0,1458.0,355000.0
Alaska,5.0,3.0,3016.0,349900.0
Alaska,3.0,1.5,1496.0,259900.0
Alaska,3.0,2.0,1410.0,365000.0
Alaska,3.0,2.0,1568.0,549000.0
Alaska,3.0,2.0,1760.0,479900.0
Alaska,3.0,2.0,2122.0,540000.0
Alaska,3.0,3.0,2184.0,353000.0
Alaska,4.0,2.5,2236.0,529900.0
Alaska,4.0,3.0,2500.0,574900.0
Alaska,2.0,1.0,,199000.0
Alaska,3.0,3.0,1948.0,875000.0
Alaska,1.0,,560.0,135000.0
Alaska,4.0,2.0,1644.0,434900.0
Alaska,,,1216.0,170000.0
Alaska,5.0,2.5,2224.0,859000.0
Alaska,5.0,5.0,6200.0,1500000.0
Alaska,3.0,2.0,1863.0,535000.0
Alaska,4.0,3.0,2112.0,539500.0
Alaska,3.0,2.5,1786.0,495000.0
Alaska,2.0,2.0,1800.0,485000.0
Alaska,3.0,2.5,2560.0,425000.0
Alaska,3.0,2.0,2048.0,459500.0
Alaska,2.0,2.0,1408.0,499900.0
Alaska,4.0,2.0,1792.0,389000.0
Alaska,4.0,2.5,2424.0,830000.0
Alaska,4.0,1.5,1440.0,310000.0
Alaska,3.0,3.0,4088.0,1095000.0
Alaska,3.0,1.5,1472.0,450000.0
Alaska,4.0,2.5,1933.0,569900.0
Alaska,1.0,1.5,1344.0,450000.0
Alaska,,1.0,240.0,199900.0
Alaska,4.0,2.0,2842.0,425000.0
Alaska,4.0,3.0,1606.0,545000.0
Alaska,2.0,1.5,1540.0,625000.0
Alaska,4.0,2.5,2104.0,569900.0
Alaska,2.0,1.0,960.0,519000.0
Alaska,3.0,2.0,1300.0,375000.0
Alaska,3.0,3.5,2532.0,899000.0
Alaska,4.0,2.5,2502.0,592000.0
Alaska,3.0,2.0,2332.0,645000.0
Alaska,3.0,2.0,1640.0,629000.0
Alaska,3.0,2.5,3720.0,474900.0
Alaska,3.0,2.0,1179.0,325000.0
Alaska,4.0,3.5,1941.0,764000.0
Alaska,3.0,2.5,2117.0,860000.0
Alaska,,,1162.0,150000.0
Alaska,2.0,1.0,1567.0,205000.0
Alaska,3.0,2.0,1778.0,484000.0
Alaska,3.0,1.5,1150.0,525000.0
Alaska,3.0,2.0,2870.0,398000.0
Alaska,4.0,2.0,2114.0,465000.0
Alaska,1.0,1.0,1342.0,150000.0
Alaska,3.0,1.5,1837.0,770000.0
Alaska,5.0,3.0,3108.0,699999.0
Alaska,3.0,2.0,2354.0,489900.0
Alaska,2.0,1.0,1236.0,359000.0
Alaska,2.0,2.0,1307.0,449000.0
Alaska,3.0,2.5,1600.0,495900.0
Alaska,4.0,2.0,1968.0,330000.0
Alaska,4.0,1.0,1340.0,345000.0
Alaska,4.0,2.0,2208.0,589900.0
Alaska,3.0,2.0,2324.0,475000.0
Alaska,4.0,3.0,2329.0,795000.0
Alaska,1.0,,504.0,289000.0
Alaska,3.0,3.0,2899.0,899900.0
Alaska,4.0,3.0,2004.0,529000.0
Alaska,2.0,0.5,1040.0,260000.0
Alaska,3.0,2.0,1524.0,219000.0
Alaska,1.0,,480.0,79000.0
Alaska,4.0,2.5,2330.0,545000.0
Alaska,3.0,2.0,1800.0,750000.0
Alaska,5.0,4.5,5600.0,2195000.0
Alaska,2.0,2.5,1393.0,695000.0
Alaska,4.0,3.0,1729.0,426000.0
Alaska,4.0,2.0,1795.0,599000.0
Alaska,3.0,2.0,1872.0,390000.0
Alaska,3.0,2.5,1966.0,469000.0
Alaska,4.0,1.0,,300000.0
Alaska,4.0,2.0,1439.0,359000.0
Alaska,1.0,,400.0,250000.0
Alaska,1.0,1.0,473.0,199900.0
Alaska,3.0,2.5,2613.0,999000.0
Alaska,3.0,2.0,1732.0,464900.0
Alaska,4.0,2.0,1872.0,415000.0
Alaska,3.0,1.0,1092.0,339000.0
Alaska,5.0,3.5,2808.0,895000.0
Alaska,3.0,3.0,2008.0,379000.0
Alaska,2.0,1.0,793.0,159900.0
Alaska,4.0,2.0,1536.0,395000.0
Alaska,6.0,2.0,2240.0,412000.0
Alaska,2.0,2.0,1363.0,525000.0
Alaska,2.0,2.0,1400.0,350000.0
Alaska,5.0,2.0,1730.0,575000.0
Alaska,5.0,2.5,2496.0,840000.0
Alaska,2.0,1.0,896.0,190000.0
Alaska,5.0,3.5,2669.0,865000.0
Alaska,2.0,1.0,736.0,350000.0
Alaska,4.0,3.0,3044.0,1055000.0
Alaska,3.0,1.0,1040.0,325000.0
Alaska,4.0,2.5,2486.0,575000.0
Alaska,4.0,3.0,2855.0,637000.0
Alaska,4.0,3.0,2982.0,825000.0
Alaska,6.0,3.5,3238.0,710000.0
Alaska,3.0,2.5,,879000.0
Alaska,4.0,3.0,2355.0,649000.0
Alaska,2.0,1.0,1296.0,224900.0
Alaska,5.0,3.0,3042.0,499500.0
Alaska,5.0,2.0,1050.0,90000.0
Alaska,3.0,2.0,1678.0,439900.0
Alaska,3.0,2.0,1831.0,289900.0
Alaska,3.0,2.0,2380.0,495000.0
Alaska,8.0,6.0,5000.0,3500000.0
Alaska,1.0,,400.0,105000.0
Alaska,2.0,1.0,960.0,305000.0
Alaska,1.0,1.0,1100.0,435000.0
Alaska,5.0,2.0,2404.0,624900.0
Alaska,3.0,2.0,1352.0,799500.0
Alaska,3.0,2.0,2048.0,698000.0
Alaska,4.0,3.5,2228.0,545000.0
Alaska,3.0,2.0,1636.0,499000.0
Alaska,4.0,3.5,2932.0,785000.0
Alaska,4.0,2.5,2124.0,669000.0
Alaska,3.0,2.5,1624.0,376000.0
Alaska,5.0,3.0,2544.0,550000.0
Alaska,4.0,2.0,1872.0,425000.0
Alaska,3.0,2.5,2031.0,524900.0
Alaska,5.0,3.5,3450.0,810000.0
Alaska,4.0,3.0,2062.0,432000.0
Alaska,4.0,4.5,5038.0,1335000.0
Alaska,3.0,2.5,1738.0,518000.0
Alaska,5.0,3.5,2986.0,629000.0
Alaska,4.0,3.0,2296.0,399900.0
Alaska,3.0,3.0,1986.0,1100000.0
Alaska,2.0,1.5,1066.0,300000.0
Alaska,3.0,2.5,1168.0,362500.0
Alaska,3.0,1.0,1600.0,399000.0
Alaska,3.0,2.0,1112.0,349900.0
Alaska,5.0,3.5,3432.0,645000.0
Alaska,3.0,2.0,1602.0,399000.0
Alaska,4.0,2.5,2032.0,474900.0
Alaska,3.0,2.0,1746.0,425000.0
Alaska,4.0,2.5,2069.0,569900.0
Alaska,2.0,1.0,1013.0,280000.0
Alaska,3.0,2.0,1754.0,490000.0
Alaska,2.0,3.0,2977.0,385000.0
Alaska,2.0,2.0,1214.0,561000.0
Alaska,4.0,3.5,3128.0,795000.0
Alaska,3.0,2.0,1646.0,439000.0
Alaska,3.0,2.0,1994.0,595000.0
Alaska,4.0,2.5,2308.0,525000.0
Alaska,3.0,2.0,1732.0,698000.0
Alaska,4.0,2.0,1924.0,435000.0
Alaska,3.0,3.0,2016.0,749900.0
Alaska,3.0,2.0,1952.0,325000.0
Alaska,4.0,2.0,1804.0,725000.0
Alaska,5.0,3.0,3477.0,549900.0
Alaska,3.0,1.0,1400.0,389900.0
Alaska,3.0,1.5,1338.0,450000.0
Alaska,3.0,1.0,1584.0,125000.0
Alaska,3.0,2.5,3277.0,625000.0
Alaska,3.0,3.0,2599.0,399000.0
Alaska,3.0,2.0,1204.0,599000.0
Alaska,3.0,2.5,2264.0,659000.0
Alaska,5.0,3.0,2254.0,515000.0
Alaska,6.0,3.0,3409.0,950000.0
Alaska,2.0,1.5,2221.0,699000.0
Alaska,,,384.0,225000.0
Alaska,2.0,1.0,952.0,360000.0
Alaska,4.0,2.5,2288.0,579000.0
Alaska,3.0,2.0,1820.0,494900.0
Alaska,2.0,1.0,1200.0,349000.0
Alaska,4.0,2.5,2026.0,550000.0
Alaska,3.0,1.0,1548.0,275000.0
Alaska,4.0,4.0,3947.0,749000.0
Alaska,1.0,1.0,1552.0,149000.0
Alaska,3.0,2.5,1807.0,490000.0
Alaska,2.0,,1745.0,265000.0
Alaska,2.0,1.0,1800.0,250000.0
Alaska,3.0,4.0,2883.0,515000.0
Alaska,1.0,,672.0,99900.0
Alaska,2.0,2.0,2016.0,509500.0
Alaska,1.0,1.0,1000.0,110000.0
Alaska,2.0,,600.0,99000.0
Alaska,4.0,2.5,2626.0,625000.0
Alaska,1.0,1.0,778.0,425000.0
Alaska,3.0,3.5,2217.0,790000.0
Alaska,2.0,2.0,1300.0,110000.0
Alaska,2.0,1.0,960.0,369000.0
Alaska,5.0,2.0,2150.0,389000.0
Alaska,6.0,6.5,6300.0,3400000.0
Alaska,3.0,2.5,2327.0,950000.0
Alaska,3.0,2.5,2998.0,739000.0
Alaska,4.0,2.0,1824.0,470000.0
Alaska,2.0,1.0,3360.0,580000.0
Alaska,3.0,2.5,1755.0,529000.0
Alaska,6.0,6.0,3412.0,395000.0
Alaska,3.0,2.5,3000.0,614900.0
Alaska,3.0,2.0,1283.0,339000.0
Alaska,2.0,2.0,1850.0,495000.0
Alaska,2.0,2.0,2278.0,850000.0
Alaska,4.0,4.0,2994.0,749900.0
Alaska,1.0,1.5,1911.0,490000.0
Alaska,3.0,1.0,1180.0,399000.0
Alaska,3.0,2.0,1600.0,330000.0
Alaska,2.0,1.0,,300000.0
Alaska,4.0,6.0,5360.0,2200000.0
Alaska,2.0,1.0,1120.0,1250000.0
Alaska,5.0,4.5,3635.0,895000.0
Alaska,2.0,2.0,972.0,337500.0
Alaska,3.0,2.5,1848.0,335000.0
Alaska,,,480.0,89500.0
Alaska,4.0,2.5,2043.0,454000.0
Alaska,4.0,4.0,5622.0,1500000.0
Alaska,3.0,3.0,2260.0,472500.0
Alaska,4.0,3.0,2630.0,1200000.0
Alaska,4.0,3.0,1600.0,485000.0
Alaska,1.0,,480.0,65000.0
Alaska,3.0,2.5,1600.0,469000.0
Alaska,4.0,3.0,1736.0,425000.0
Alaska,1.0,,558.0,250000.0
Alaska,3.0,2.0,1692.0,399900.0
Alaska,2.0,1.0,864.0,410000.0
Alaska,3.0,2.0,1488.0,399900.0
Alaska,3.0,2.0,2388.0,469000.0
Alaska,2.0,1.0,1664.0,325000.0
Alaska,3.0,2.0,1844.0,899000.0
Alaska,3.0,2.0,2150.0,435000.0
Alaska,2.0,2.0,1521.0,595000.0
Alaska,3.0,2.0,2110.0,419900.0
Alaska,3.0,1.0,1160.0,319900.0
Alaska,1.0,0.5,707.0,189500.0
Alaska,3.0,2.0,2080.0,650000.0
Alaska,3.0,3.0,2208.0,550000.0
Alaska,3.0,1.0,1198.0,379900.0
Alaska,4.0,2.0,2020.0,439900.0
Alaska,2.0,1.0,1200.0,275000.0
Alaska,3.0,2.5,2327.0,592000.0
Alaska,5.0,3.0,2860.0,669000.0
Alaska,4.0,2.0,2052.0,355000.0
Alaska,3.0,2.5,1576.0,425000.0
Alaska,4.0,1.5,1494.0,365000.0
Alaska,3.0,2.0,1150.0,329000.0
Alaska,3.0,3.0,1470.0,675000.0
Alaska,1.0,2.0,856.0,415000.0
Alaska,1.0,1.0,600.0,250000.0
Alaska,3.0,2.0,1610.0,469000.0
Alaska,4.0,4.0,4904.0,1065000.0
Alaska,4.0,2.0,2016.0,497000.0
Alaska,3.0,2.5,2100.0,469900.0
Alaska,3.0,2.0,1952.0,494900.0
Alaska,4.0,3.0,2364.0,649000.0
Alaska,5.0,3.0,3000.0,625000.0
Alaska,1.0,,562.0,125000.0
Alaska,4.0,2.0,1826.0,409000.0
Alaska,4.0,2.5,2588.0,464000.0
Alaska,5.0,3.5,3718.0,579999.0
Alaska,3.0,2.0,1868.0,525000.0
Alaska,3.0,2.0,1268.0,449000.0
Alaska,3.0,4.0,2286.0,679000.0
Alaska,2.0,,664.0,239000.0
Alaska,3.0,2.0,1352.0,355000.0
Alaska,4.0,2.0,1840.0,220000.0
Alaska,4.0,1.0,1818.0,230000.0
Alaska,2.0,1.5,1248.0,335000.0
Alaska,1.0,2.0,1088.0,299000.0
Alaska,5.0,3.0,3528.0,997000.0
Alaska,3.0,2.0,2100.0,627000.0
Alaska,3.0,2.5,2412.0,648000.0
Alaska,4.0,3.0,3257.0,750000.0
Alaska,3.0,2.0,1806.0,464900.0
Alaska,2.0,2.5,1935.0,234900.0
Alaska,3.0,2.0,2033.0,495000.0
Alaska,3.0,3.5,3921.0,685000.0
Alaska,1.0,,232.0,129000.0
Alaska,3.0,2.0,1560.0,340000.0
Alaska,4.0,3.5,3004.0,719000.0
Alaska,5.0,3.5,3572.0,1195000.0
Alaska,3.0,2.0,1674.0,469000.0
Alaska,2.0,,1200.0,105000.0
Alaska,3.0,1.0,1264.0,425000.0
Alaska,2.0,1.5,960.0,369000.0
Alaska,4.0,3.0,2000.0,1150000.0
Alaska,4.0,3.5,2105.0,525000.0
Alaska,4.0,3.0,2975.0,575000.0
Alaska,3.0,3.0,2326.0,379500.0
Alaska,3.0,2.5,3840.0,539000.0
Alaska,2.0,,640.0,139000.0
Alaska,3.0,1.5,1040.0,329000.0
Alaska,3.0,4.0,3364.0,1100000.0
Alaska,2.0,1.5,1500.0,495000.0
Alaska,3.0,3.0,3318.0,979999.0
Alaska,5.0,3.5,3840.0,630000.0
Alaska,3.0,2.0,1268.0,339900.0
Alaska,4.0,3.0,3406.0,599000.0
Alaska,3.0,1.0,1980.0,275000.0
Alaska,3.0,2.0,2984.0,524900.0
Alaska,4.0,2.0,1886.0,434500.0
Alaska,4.0,3.0,2511.0,548500.0
Alaska,3.0,2.0,1527.0,450000.0
Alaska,2.0,2.0,1068.0,1950000.0
Alaska,4.0,3.0,3904.0,875000.0
Alaska,1.0,1.0,972.0,250000.0
Alaska,3.0,2.5,2637.0,519000.0
Alaska,4.0,2.5,1670.0,349900.0
Alaska,3.0,2.5,2424.0,488000.0
Alaska,2.0,2.0,822.0,280000.0
Alaska,3.0,2.5,2668.0,458000.0
Alaska,3.0,2.5,1984.0,410000.0
Alaska,4.0,2.0,2308.0,475000.0
Alaska,4.0,3.5,3230.0,619900.0
Alaska,2.0,2.0,1296.0,370000.0
Alaska,2.0,2.0,2844.0,836000.0
Alaska,2.0,1.0,900.0,275000.0
Alaska,1.0,1.0,760.0,186000.0
Alaska,4.0,2.5,2508.0,589900.0
Alaska,4.0,2.0,1900.0,410000.0
Alaska,4.0,3.5,4035.0,849000.0
Alaska,3.0,1.0,1008.0,265000.0
Alaska,2.0,2.0,1396.0,275000.0
Alaska,2.0,1.5,1463.0,550000.0
Alaska,4.0,3.5,2684.0,720000.0
Alaska,3.0,3.0,2464.0,714900.0
Alaska,4.0,2.0,2240.0,447000.0
Alaska,3.0,2.0,1700.0,349900.0
Alaska,3.0,3.0,2696.0,510000.0
Alaska,5.0,2.5,1924.0,479000.0
Alaska,3.0,3.0,3256.0,715000.0
Alaska,4.0,1.0,1400.0,395000.0
Alaska,2.0,1.5,1536.0,299000.0
Alaska,1.0,0.5,420.0,75000.0
Alaska,3.0,3.0,2571.0,765000.0
Alaska,2.0,1.0,2320.0,335000.0
Alaska,4.0,3.0,2055.0,490000.0
Alaska,3.0,1.0,1261.0,200000.0
Alaska,3.0,2.0,2190.0,625000.0
Alaska,2.0,,288.0,115000.0
Alaska,3.0,2.0,1296.0,325000.0
Alaska,1.0,1.0,492.0,277000.0
Alaska,4.0,2.5,2727.0,775000.0
Alaska,2.0,2.0,1438.0,480000.0
Alaska,2.0,1.0,516.0,145000.0
Alaska,4.0,3.0,2336.0,510000.0
Alaska,2.0,1.0,864.0,330000.0
Alaska,4.0,2.0,2060.0,565000.0
Alaska,2.0,1.0,630.0,279900.0
Alaska,1.0,,454.0,259000.0
Alaska,2.0,2.0,1858.0,1300000.0
Alaska,3.0,2.0,1754.0,436000.0
Alaska,4.0,4.0,4694.0,1200000.0
Alaska,4.0,2.5,2117.0,1450000.0
Alaska,4.0,3.5,4556.0,845000.0
Alaska,2.0,2.0,1480.0,161000.0
Alaska,3.0,2.0,1564.0,442900.0
Alaska,1.0,1.0,840.0,595000.0
Alaska,2.0,1.0,1200.0,325000.0
Alaska,3.0,2.0,1612.0,389000.0
Alaska,1.0,,520.0,119900.0
Alaska,4.0,3.0,2267.0,749000.0
Alaska,5.0,3.0,2632.0,429900.0
Alaska,3.0,2.0,1944.0,399900.0
Alaska,5.0,3.0,2960.0,585000.0
Alaska,7.0,5.5,6160.0,595000.0
Alaska,4.0,3.5,4247.0,984000.0
Alaska,1.0,1.0,1018.0,209900.0
Alaska,3.0,1.5,2166.0,699000.0
Alaska,3.0,1.5,2512.0,399900.0
Alaska,1.0,1.0,560.0,350000.0
Alaska,3.0,2.0,1496.0,349000.0
Alaska,7.0,8.0,4191.0,2200000.0
Alaska,4.0,5.0,4232.0,799000.0
Alaska,4.0,1.0,1400.0,395000.0
Alaska,3.0,3.5,2431.0,885000.0
Alaska,3.0,2.5,2995.0,1100000.0
Alaska,5.0,3.5,3184.0,1099000.0
Alaska,3.0,2.5,2230.0,490000.0
Alaska,5.0,4.0,2388.0,759000.0
Alaska,4.0,3.0,2548.0,489900.0
Alaska,3.0,2.0,1800.0,369000.0
Alaska,5.0,4.5,3469.0,759000.0
Alaska,,,600.0,110000.0
Alaska,3.0,3.0,2704.0,570000.0
Alaska,4.0,2.0,2152.0,180000.0
Alaska,4.0,2.5,2048.0,799000.0
Alaska,6.0,4.0,2996.0,1300000.0
Alaska,3.0,1.0,1400.0,569000.0
Alaska,3.0,1.5,1312.0,445000.0
Alaska,1.0,1.0,880.0,249000.0
Alaska,4.0,3.0,1986.0,565000.0
Alaska,4.0,3.0,1536.0,699000.0
Alaska,1.0,1.0,792.0,265000.0
Alaska,4.0,2.0,2099.0,585000.0
Alaska,3.0,2.5,1666.0,439000.0
Alaska,2.0,2.0,1488.0,249000.0
Alaska,2.0,1.0,1536.0,550000.0
Alaska,3.0,1.0,1400.0,569000.0
Alaska,1.0,,640.0,165000.0
Alaska,4.0,3.0,1728.0,475000.0
Alaska,4.0,3.0,2294.0,540000.0
Alaska,4.0,3.0,4076.0,849900.0
Alaska,5.0,4.0,3603.0,2125000.0
Alaska,3.0,1.0,1066.0,299900.0
Alaska,2.0,2.0,1288.0,289900.0
Alaska,4.0,3.5,4114.0,765000.0
Alaska,4.0,3.0,3629.0,719000.0
Alaska,6.0,6.5,7553.0,1175000.0
Alaska,2.0,1.0,864.0,380000.0
Alaska,3.0,1.0,1402.0,324000.0
Alaska,3.0,2.5,2260.0,520000.0
Alaska,3.0,2.0,3932.0,795000.0
Alaska,3.0,3.0,1254.0,325000.0
Alaska,2.0,1.0,828.0,265000.0
Alaska,3.0,2.0,1616.0,388000.0
Alaska,3.0,2.0,1400.0,389000.0
Alaska,2.0,1.0,970.0,230000.0
Alaska,1.0,1.5,1068.0,455000.0
Alaska,3.0,3.5,2720.0,725000.0
Alaska,4.0,3.5,3817.0,660000.0
Alaska,3.0,2.5,2344.0,449900.0
Alaska,1.0,1.0,828.0,260000.0
Alaska,4.0,2.5,2678.0,699000.0
Alaska,4.0,2.5,2464.0,474900.0
Alaska,6.0,4.0,3932.0,553000.0
Alaska,3.0,2.0,1442.0,529000.0
Alaska,4.0,4.0,2862.0,685000.0
Alaska,1.0,1.0,1280.0,799000.0
Alaska,6.0,3.0,3582.0,549000.0
Alaska,3.0,2.0,1840.0,435000.0
Alaska,2.0,1.0,1431.0,282000.0
Alaska,4.0,2.0,2080.0,439900.0
Alaska,3.0,2.0,2200.0,389000.0
Alaska,5.0,3.5,5206.0,824800.0
Alaska,3.0,3.0,2300.0,543000.0
Alaska,3.0,3.0,2513.0,590000.0
Alaska,3.0,1.0,944.0,435000.0
Alaska,3.0,2.5,2328.0,459000.0
Alaska,3.0,5.0,2600.0,749000.0
Alaska,7.0,7.0,7913.0,4500000.0
Alaska,4.0,2.0,2604.0,639000.0
Alaska,3.0,2.5,3100.0,1450000.0
Alaska,3.0,2.0,2024.0,496000.0
Alaska,,1.0,540.0,335000.0
Alaska,3.0,2.0,3136.0,679000.0
Alaska,3.0,2.0,1512.0,330000.0
Alaska,3.0,1.0,1056.0,260000.0
Alaska,4.0,2.0,2128.0,365000.0
Alaska,2.0,1.0,1152.0,299000.0
Alaska,6.0,6.0,2270.0,199000.0
Alaska,2.0,1.0,570.0,85000.0
Alaska,4.0,2.0,1632.0,399999.0
Alaska,1.0,1.0,984.0,190000.0
Alaska,1.0,1.5,960.0,565000.0
Alaska,5.0,3.0,2516.0,599900.0
Alaska,4.0,3.0,3324.0,299900.0
Alaska,3.0,2.0,1902.0,469000.0
Alaska,3.0,2.0,1712.0,415000.0
Alaska,2.0,1.0,780.0,229900.0
Alaska,4.0,2.0,1362.0,925000.0
Alaska,4.0,2.0,1748.0,473000.0
Alaska,3.0,3.0,3018.0,1600000.0
Alaska,3.0,1.0,2400.0,120000.0
Alaska,3.0,2.0,1520.0,569000.0
Alaska,3.0,2.0,1630.0,497500.0
Alaska,5.0,3.0,3908.0,619900.0
Alaska,4.0,2.5,2358.0,519000.0
Alaska,6.0,4.5,5149.0,1050000.0
Alaska,2.0,1.0,881.0,359000.0
Alaska,3.0,,2000.0,210000.0
Alaska,,,640.0,122500.0
Alaska,4.0,2.0,1976.0,429000.0
Alaska,3.0,2.5,1500.0,865000.0
Alaska,10.0,12.5,3264.0,1125000.0
Alaska,4.0,2.5,2708.0,684000.0
Alaska,2.0,2.5,3398.0,775000.0
Alaska,2.0,1.0,1024.0,185000.0
Alaska,4.0,4.0,3675.0,1475000.0
Alaska,3.0,2.0,2494.0,225000.0
Alaska,4.0,4.0,3520.0,1750000.0
Alaska,4.0,2.5,1826.0,534900.0
Alaska,3.0,1.0,1229.0,350000.0
Alaska,4.0,3.5,2108.0,549400.0
Alaska,3.0,2.5,3042.0,990000.0
Alaska,4.0,3.5,3800.0,779000.0
Alaska,1.0,,240.0,165000.0
Alaska,4.0,2.0,2282.0,390000.0
Alaska,4.0,2.0,1976.0,450000.0
Alaska,1.0,1.0,720.0,119900.0
Alaska,4.0,3.0,2663.0,475000.0
Alaska,3.0,2.0,1724.0,525000.0
Alaska,3.0,3.0,2046.0,525000.0
New York,3.0,1.0,1288.0,669000.0
New York,3.0,2.0,1120.0,625999.0
New York,3.0,2.0,1475.0,999000.0
New York,4.0,2.5,2400.0,1549000.0
New York,3.0,3.5,2200.0,1899000.0
New York,4.0,2.5,1728.0,1088000.0
New York,6.0,3.0,1184.0,869000.0
New York,4.0,5.0,7313.0,3977000.0
New York,7.0,3.5,4500.0,3985000.0
New York,3.0,2.0,960.0,565000.0
New York,4.0,2.0,1944.0,878000.0
New York,2.0,2.0,1512.0,999000.0
New York,5.0,4.0,3584.0,2545000.0
New York,3.0,2.0,1536.0,969000.0
New York,3.0,2.5,1800.0,679000.0
New York,3.0,1.5,1224.0,695000.0
New York,4.0,3.0,,769999.0
New York,2.0,1.0,794.0,449990.0
New York,2.0,1.0,544.0,629000.0
New York,3.0,1.0,,679000.0
New York,4.0,1.0,1088.0,425000.0
New York,5.0,5.0,4200.0,1625888.0
New York,6.0,3.5,5540.0,2499888.0
New York,3.0,2.5,1294.0,699900.0
New York,3.0,1.5,1475.0,699000.0
New York,3.0,3.0,1848.0,1100000.0
New York,3.0,2.0,1358.0,980000.0
New York,4.0,2.0,1270.0,815000.0
New York,3.0,3.0,3548.0,1450000.0
New York,4.0,2.5,2000.0,1475000.0
New York,3.0,1.5,1452.0,859000.0
New York,5.0,3.0,2310.0,1349000.0
New York,2.0,2.0,1024.0,858000.0
New York,4.0,2.5,1813.0,560000.0
New York,3.0,2.5,1557.0,1050000.0
New York,3.0,3.0,1948.0,719000.0
New York,5.0,2.0,1640.0,1099099.0
New York,6.0,3.5,2052.0,1168888.0
New York,5.0,3.0,2228.0,1218000.0
New York,3.0,2.5,1324.0,1199000.0
New York,5.0,2.0,3726.0,1500000.0
New York,4.0,3.0,2208.0,1388000.0
New York,3.0,3.0,2100.0,1895000.0
New York,3.0,2.5,1300.0,850000.0
New York,4.0,3.5,2187.0,1399000.0
New York,3.0,2.5,,1400000.0
New York,5.0,4.0,2397.0,950000.0
New York,4.0,3.0,3641.0,899000.0
New York,3.0,1.0,1008.0,778000.0
New York,6.0,3.0,,970000.0
New York,,,2125.0,350000.0
New York,4.0,3.0,14.0,948000.0
New York,3.0,2.5,2300.0,1399000.0
New York,3.0,2.0,1268.0,859000.0
New York,2.0,2.0,1500.0,835000.0
New York,4.0,3.5,1845.0,1200000.0
New York,4.0,3.0,2862.0,1439000.0
New York,3.0,1.5,1536.0,599000.0
New York,3.0,2.0,1260.0,1325000.0
New York,3.0,3.0,2300.0,1189000.0
New York,7.0,4.0,5426.0,3888000.0
New York,3.0,1.0,1050.0,629000.0
New York,6.0,3.0,1305.0,1150000.0
New York,4.0,2.5,672.0,800000.0
New York,7.0,3.5,1980.0,999000.0
New York,4.0,3.5,2907.0,1499000.0
New York,3.0,2.0,1400.0,470000.0
New York,2.0,2.5,742.0,569999.0
New York,4.0,2.5,,900000.0
New York,4.0,3.0,2042.0,849999.0
New York,3.0,1.5,1100.0,610000.0
New York,2.0,1.5,,499000.0
New York,6.0,2.0,,988000.0
New York,5.0,3.5,6076.0,2599000.0
New York,4.0,2.0,2359.0,999888.0
New York,3.0,2.0,1150.0,1269000.0
New York,4.0,3.0,1500.0,1388000.0
New York,4.0,3.5,1896.0,1650000.0
New York,6.0,6.0,7723.0,3900000.0
New York,3.0,3.0,1182.0,648888.0
New York,3.0,1.5,1280.0,699000.0
New York,2.0,1.0,922.0,519888.0
New York,3.0,3.0,2880.0,1150000.0
New York,2.0,2.0,1024.0,1248000.0
New York,4.0,1.5,2068.0,650000.0
New York,4.0,2.0,1400.0,1250000.0
New York,3.0,2.0,1614.0,938000.0
New York,4.0,2.5,1800.0,895000.0
New York,4.0,4.5,727.0,1895000.0
New York,3.0,3.0,980.0,1495000.0
New York,4.0,5.5,3842.0,2488000.0
New York,3.0,1.5,2000.0,1299000.0
New York,3.0,3.0,2177.0,649000.0
New York,6.0,5.0,900.0,2395000.0
New York,3.0,3.0,2460.0,955000.0
New York,4.0,5.5,5500.0,1750000.0
New York,4.0,2.0,968.0,868000.0
New York,3.0,3.0,1120.0,735000.0
New York,3.0,4.0,1661.0,688000.0
New York,3.0,2.0,1688.0,1199000.0
New York,4.0,5.0,4000.0,2580000.0
New York,5.0,4.5,3905.0,2300000.0
New York,5.0,4.5,4143.0,10999000.0
New York,3.0,2.5,1998.0,649000.0
New York,6.0,3.0,1688.0,1450000.0
New York,7.0,4.5,855.0,2495000.0
New York,5.0,4.5,3163.0,1549000.0
New York,4.0,4.5,987.0,2295000.0
New York,3.0,2.5,1850.0,749999.0
New York,3.0,2.5,1485.0,1350000.0
New York,2.0,1.0,1125.0,875000.0
New York,3.0,,1228.0,1049000.0
New York,4.0,3.5,1472.0,1299000.0
New York,3.0,2.0,1127.0,1180000.0
New York,5.0,3.0,1668.0,1100000.0
New York,4.0,3.0,1500.0,899999.0
New York,6.0,2.0,2774.0,999999.0
New York,4.0,6.0,2622.0,1150000.0
New York,4.0,2.5,1500.0,999000.0
New York,1.0,2.0,1000.0,875000.0
New York,5.0,3.5,3000.0,999000.0
New York,4.0,4.0,2850.0,995000.0
New York,4.0,2.0,2320.0,900000.0
New York,4.0,3.0,1756.0,975000.0
New York,6.0,3.0,,939000.0
New York,3.0,3.0,1280.0,899000.0
New York,6.0,3.0,1197.0,899000.0
New York,3.0,2.0,1650.0,999888.0
New York,6.0,2.0,2500.0,999888.0
New York,3.0,1.5,1540.0,950000.0
New York,4.0,1.0,1852.0,945000.0
New York,3.0,1.0,1444.0,968000.0
New York,3.0,1.0,1184.0,950000.0
New York,3.0,2.0,1154.0,975000.0
New York,3.0,2.0,1344.0,550000.0
New York,5.0,8.0,11700.0,4689000.0
New York,3.0,2.0,1407.0,580000.0
New York,4.0,3.0,,775000.0
New York,3.0,1.5,1176.0,629999.0
New York,4.0,3.5,2538.0,1598888.0
New York,2.0,2.5,900.0,649900.0
New York,2.0,1.5,1400.0,649888.0
New York,4.0,5.0,4300.0,3200000.0
New York,2.0,2.0,1050.0,779000.0
New York,3.0,2.0,1008.0,649900.0
New York,5.0,8.0,11700.0,4698000.0
New York,2.0,2.0,1500.0,579000.0
New York,5.0,2.5,1674.0,695000.0
New York,3.0,3.0,1050.0,829000.0
New York,2.0,2.0,962.0,599000.0
New York,5.0,3.0,2200.0,699000.0
New York,4.0,3.0,1560.0,1078988.0
New York,3.0,3.0,2093.0,789900.0
New York,2.0,2.0,1152.0,749000.0
New York,3.0,2.0,1688.0,1199000.0
New York,3.0,1.5,1150.0,849900.0
New York,4.0,2.5,2500.0,1798000.0
New York,3.0,2.5,1280.0,699999.0
New York,3.0,2.5,1348.0,799000.0
New York,3.0,2.5,1577.0,849000.0
New York,3.0,1.5,1188.0,1048000.0
New York,3.0,3.5,2500.0,1149000.0
New York,3.0,1.5,1500.0,629900.0
New York,4.0,3.0,4160.0,1729000.0
New York,2.0,1.0,978.0,460000.0
New York,3.0,2.0,1584.0,849000.0
New York,8.0,3.0,2262.0,2388000.0
New York,3.0,2.0,1800.0,748800.0
New York,5.0,3.0,2150.0,1999000.0
New York,3.0,2.0,1678.0,829999.0
New York,3.0,2.5,1376.0,799999.0
New York,4.0,3.0,1125.0,728000.0
New York,3.0,3.0,1248.0,749000.0
New York,3.0,1.5,1315.0,749999.0
New York,3.0,2.0,835.0,625000.0
New York,3.0,1.0,1200.0,525000.0
New York,3.0,1.5,1022.0,660000.0
New York,3.0,3.0,1170.0,829999.0
New York,2.0,1.0,786.0,485000.0
New York,3.0,1.5,400.0,1495000.0
New York,3.0,2.5,1300.0,725000.0
New York,2.0,1.0,800.0,669000.0
New York,3.0,2.0,1102.0,699000.0
New York,4.0,3.5,2770.0,1395000.0
New York,4.0,1.0,1020.0,699000.0
New York,3.0,2.5,1200.0,748888.0
New York,5.0,2.5,,3000000.0
New York,3.0,1.5,1008.0,799999.0
New York,3.0,2.5,1204.0,628000.0
New York,4.0,1.5,1696.0,819000.0
New York,4.0,2.0,1242.0,849999.0
New York,3.0,1.5,2283.0,1199888.0
New York,2.0,1.0,256.0,628000.0
New York,4.0,3.0,1224.0,1288000.0
New York,5.0,3.0,1566.0,729000.0
New York,3.0,1.5,1188.0,1048000.0
New York,3.0,2.5,1208.0,799000.0
New York,4.0,2.5,1640.0,735000.0
New York,2.0,1.5,1158.0,439999.0
New York,4.0,2.5,2736.0,1189000.0
New York,8.0,6.5,8671.0,6000000.0
New York,4.0,2.0,2137.0,1995000.0
New York,3.0,1.5,1116.0,795000.0
New York,5.0,3.0,12164.0,1975000.0
New York,3.0,2.0,1920.0,1298000.0
New York,2.0,1.0,,724000.0
New York,3.0,2.5,1248.0,649000.0
New York,6.0,5.5,6798.0,7995000.0
New York,5.0,3.0,848.0,515000.0
New York,4.0,2.0,1378.0,660000.0
New York,3.0,1.5,1260.0,539000.0
New York,3.0,1.5,1296.0,678000.0
New York,5.0,3.5,2280.0,1649000.0
New York,3.0,1.5,1224.0,549999.0
New York,4.0,3.0,1600.0,850000.0
New York,4.0,3.5,2280.0,1229000.0
New York,3.0,2.0,1125.0,829900.0
New York,3.0,2.5,1450.0,788000.0
New York,4.0,1.5,2000.0,1699000.0
New York,3.0,3.0,1300.0,750000.0
New York,3.0,2.5,1036.0,635000.0
New York,3.0,1.5,1584.0,688888.0
New York,3.0,1.5,1680.0,789900.0
New York,3.0,1.5,1344.0,795000.0
New York,1.0,1.5,1059.0,399000.0
New York,3.0,2.0,1673.0,775000.0
New York,4.0,3.0,3050.0,2200000.0
New York,6.0,6.5,2434.0,1960000.0
New York,3.0,1.0,3700.0,799000.0
New York,3.0,1.0,1234.0,1299000.0
New York,2.0,3.0,900.0,675000.0
New York,3.0,2.0,1310.0,779999.0
New York,3.0,1.5,1440.0,789000.0
New York,4.0,4.5,2244.0,1500000.0
New York,3.0,3.5,2000.0,1288000.0
New York,2.0,1.0,875.0,350000.0
New York,5.0,2.5,2047.0,1350000.0
New York,3.0,3.0,1400.0,1288800.0
New York,3.0,2.0,1343.0,699888.0
New York,3.0,2.0,1036.0,729000.0
New York,4.0,3.0,2500.0,1150000.0
New York,7.0,2.0,2400.0,1595000.0
New York,3.0,2.5,1500.0,699000.0
New York,3.0,1.5,1184.0,699900.0
New York,4.0,2.0,1080.0,799000.0
New York,4.0,2.0,1360.0,785000.0
New York,3.0,2.0,1140.0,725000.0
New York,3.0,2.0,1445.0,775000.0
New York,3.0,2.0,1944.0,1199000.0
New York,3.0,1.0,1108.0,695000.0
New York,2.0,1.5,1400.0,578000.0
New York,2.0,1.5,1167.0,545000.0
New York,6.0,8.0,14000.0,25000000.0
New York,3.0,1.5,950.0,525000.0
New York,2.0,1.0,1244.0,569900.0
New York,6.0,5.5,3144.0,3100000.0
New York,4.0,3.5,2000.0,750000.0
New York,5.0,4.0,1318.0,1688000.0
New York,4.0,2.5,1264.0,799000.0
New York,4.0,3.0,2054.0,590000.0
New York,3.0,3.0,1200.0,849999.0
New York,4.0,3.0,1424.0,1177000.0
New York,5.0,3.0,5000.0,949000.0
New York,5.0,2.5,3503.0,1885000.0
New York,6.0,3.0,1344.0,620000.0
New York,3.0,1.5,1474.0,570000.0
New York,2.0,2.5,2490.0,799000.0
New York,3.0,2.5,1998.0,1145000.0
New York,4.0,2.0,1450.0,799000.0
New York,2.0,1.5,1094.0,575000.0
New York,3.0,2.0,2087.0,839999.0
New York,4.0,4.0,2610.0,1449000.0
New York,3.0,2.0,1000.0,749999.0
New York,4.0,3.0,2424.0,1488000.0
New York,3.0,3.0,1120.0,869000.0
New York,3.0,1.5,1296.0,779000.0
New York,4.0,2.0,1700.0,939000.0
New York,5.0,3.0,1683.0,779000.0
New York,4.0,2.5,2100.0,999000.0
New York,3.0,1.5,1732.0,849000.0
New York,1.0,1.0,472.0,630000.0
New York,5.0,4.0,4250.0,4995000.0
New York,4.0,2.0,2007.0,949000.0
New York,2.0,1.5,1248.0,499999.0
New York,3.0,1.0,1500.0,699000.0
New York,3.0,2.0,2240.0,928000.0
New York,3.0,2.5,1248.0,788000.0
New York,3.0,2.5,1500.0,999999.0
New York,6.0,5.0,3432.0,4995000.0
New York,3.0,3.5,2044.0,899900.0
New York,3.0,1.0,1144.0,515000.0
New York,3.0,1.5,1144.0,599000.0
New York,3.0,13.0,1080.0,725000.0
New York,3.0,2.0,984.0,1088000.0
New York,2.0,1.5,1120.0,545000.0
New York,3.0,2.0,1472.0,749000.0
New York,3.0,3.5,1772.0,1749000.0
New York,3.0,2.0,1496.0,799000.0
New York,3.0,1.0,1164.0,1350000.0
New York,4.0,2.5,2000.0,949999.0
New York,3.0,2.0,1440.0,399000.0
New York,4.0,2.0,1554.0,629000.0
New York,2.0,2.0,1216.0,569900.0
New York,3.0,2.0,1152.0,724000.0
New York,2.0,1.0,600.0,589000.0
New York,2.0,2.0,774.0,650000.0
New York,3.0,1.0,1125.0,699999.0
New York,5.0,3.0,2972.0,2349000.0
New York,3.0,1.0,1040.0,669000.0
New York,3.0,2.5,1600.0,829900.0
New York,4.0,3.5,2700.0,1099000.0
New York,2.0,2.5,1453.0,759999.0
New York,4.0,3.0,1344.0,929000.0
New York,3.0,2.5,1408.0,749900.0
New York,3.0,2.5,1480.0,629900.0
New York,3.0,2.0,2160.0,1098000.0
New York,3.0,1.5,1500.0,849000.0
New York,3.0,1.0,1300.0,699000.0
New York,2.0,1.0,1007.0,778000.0
New York,3.0,3.0,2467.0,848000.0
New York,4.0,3.0,1854.0,1499000.0
New York,3.0,2.0,2520.0,990000.0
New York,4.0,4.0,2250.0,1530000.0
New York,6.0,9.0,7110.0,21400000.0
New York,4.0,1.5,1948.0,1600000.0
New York,3.0,1.0,1044.0,949000.0
New York,3.0,1.5,1900.0,529000.0
New York,3.0,2.0,1248.0,1080000.0
New York,6.0,3.5,1697.0,1229000.0
New York,3.0,1.5,1048.0,699000.0
New York,6.0,3.5,2526.0,999999.0
New York,2.0,2.0,980.0,609999.0
New York,2.0,3.0,2070.0,638000.0
New York,3.0,2.0,1826.0,980000.0
New York,3.0,2.0,1008.0,589000.0
New York,3.0,2.0,1208.0,689900.0
New York,3.0,1.5,1582.0,1150000.0
New York,3.0,2.5,2010.0,998000.0
New York,3.0,1.5,1056.0,580000.0
New York,3.0,2.5,1802.0,750000.0
New York,3.0,2.0,1944.0,725000.0
New York,6.0,4.0,3583.0,4995000.0
New York,3.0,1.0,1050.0,1299900.0
New York,2.0,1.0,528.0,399000.0
New York,3.0,3.0,1008.0,549000.0
New York,3.0,2.0,2200.0,1200000.0
New York,3.0,2.0,1570.0,1125000.0
New York,3.0,1.5,1272.0,649000.0
New York,3.0,2.5,1120.0,750000.0
New York,4.0,4.0,6000.0,3695000.0
New York,3.0,3.0,1248.0,599999.0
New York,3.0,1.5,1312.0,749999.0
New York,3.0,3.0,2000.0,1200000.0
New York,5.0,4.5,5920.0,3200000.0
New York,2.0,1.5,1088.0,580000.0
New York,3.0,2.0,1530.0,1850000.0
New York,6.0,2.0,,925000.0
New York,3.0,1.0,1094.0,599900.0
New York,4.0,2.0,2475.0,1398000.0
New York,3.0,2.5,1955.0,625000.0
New York,2.0,2.0,950.0,625000.0
New York,3.0,2.0,998.0,649000.0
New York,3.0,2.0,928.0,798000.0
New York,3.0,1.5,2052.0,1050000.0
New York,5.0,2.0,966.0,799000.0
New York,3.0,2.5,1320.0,1259000.0
New York,4.0,2.5,1200.0,825000.0
New York,3.0,3.5,3553.0,2500000.0
New York,3.0,1.0,1266.0,690000.0
New York,8.0,3.0,3600.0,2800000.0
New York,3.0,2.5,1544.0,1469000.0
New York,3.0,2.0,1440.0,888000.0
New York,3.0,2.0,1288.0,799000.0
New York,2.0,3.0,1524.0,488000.0
New York,3.0,3.0,1750.0,875000.0
New York,4.0,3.0,2900.0,825000.0
New York,2.0,1.0,792.0,479900.0
New York,3.0,1.5,1344.0,659000.0
New York,3.0,2.5,1440.0,765000.0
New York,3.0,2.0,1608.0,979999.0
New York,3.0,2.5,1888.0,885000.0
New York,4.0,1.5,1464.0,699000.0
New York,5.0,2.0,1582.0,850000.0
New York,5.0,3.5,2424.0,1475000.0
New York,3.0,1.5,1296.0,899000.0
New York,3.0,2.5,,1445555.0
New York,3.0,1.5,1152.0,699999.0
New York,2.0,1.5,1441.0,619000.0
New York,3.0,2.0,1619.0,910000.0
New York,2.0,1.0,960.0,975000.0
New York,4.0,3.0,2016.0,1699000.0
New York,3.0,2.5,1998.0,939000.0
New York,4.0,3.0,4200.0,1975000.0
New York,2.0,2.0,1200.0,599000.0
New York,3.0,1.5,1064.0,815000.0
New York,4.0,4.0,3612.0,1999999.0
New York,8.0,3.0,,999000.0
New York,8.0,2.5,,1800000.0
New York,2.0,2.0,912.0,728888.0
New York,6.0,3.0,2400.0,1200000.0
New York,4.0,3.5,1850.0,1480000.0
New York,3.0,1.5,1558.0,1312000.0
New York,2.0,1.0,950.0,488000.0
New York,3.0,2.5,2000.0,819000.0
New York,3.0,2.0,1092.0,949999.0
New York,4.0,3.5,1680.0,929000.0
New York,3.0,2.5,1276.0,788000.0
New York,2.0,1.0,943.0,499999.0
New York,3.0,2.0,1548.0,799999.0
New York,4.0,2.0,2500.0,799000.0
New York,3.0,2.0,1458.0,735000.0
New York,2.0,2.0,966.0,649900.0
New York,4.0,2.0,1392.0,649000.0
New York,3.0,1.0,1128.0,500000.0
New York,4.0,3.0,1836.0,1450000.0
New York,2.0,2.0,1000.0,975000.0
New York,3.0,2.5,1160.0,699999.0
New York,3.0,3.5,1440.0,883000.0
New York,3.0,2.5,1232.0,759000.0
New York,3.0,3.5,1476.0,659000.0
New York,3.0,1.5,1782.0,669000.0
New York,4.0,3.5,1553.0,599999.0
New York,3.0,1.5,900.0,729000.0
New York,3.0,2.5,2490.0,749000.0
New York,3.0,1.0,1600.0,699000.0
New York,4.0,2.0,1842.0,1249900.0
New York,4.0,2.0,1928.0,980888.0
New York,2.0,1.0,800.0,619900.0
New York,5.0,2.0,1920.0,725000.0
New York,2.0,1.0,1200.0,1168000.0
New York,5.0,2.0,2374.0,899998.0
New York,4.0,2.0,2476.0,875000.0
New York,3.0,2.0,4972.0,1700000.0
New York,4.0,2.0,2944.0,1750000.0
New York,2.0,2.0,1690.0,625000.0
New York,4.0,5.0,3712.0,2899000.0
New York,3.0,1.5,1488.0,1099000.0
New York,4.0,2.5,1624.0,699999.0
New York,8.0,6.5,10700.0,6000000.0
New York,,3.0,,775000.0
New York,4.0,4.0,4875.0,4995000.0
New York,3.0,2.5,1234.0,1150000.0
New York,3.0,2.0,1812.0,649999.0
New York,3.0,2.5,1438.0,799000.0
New York,4.0,2.0,1200.0,738000.0
New York,2.0,1.0,937.0,499000.0
New York,3.0,1.5,1200.0,725000.0
New York,2.0,5.0,2337.0,729000.0
New York,3.0,1.5,1800.0,1618000.0
New York,3.0,1.0,1064.0,760000.0
New York,3.0,2.0,1224.0,888000.0
New York,3.0,2.5,500.0,995000.0
New York,3.0,4.0,2146.0,1699000.0
New York,3.0,2.5,1410.0,849998.0
New York,7.0,6.5,5963.0,3688000.0
New York,5.0,3.0,1624.0,999999.0
New York,3.0,2.5,1800.0,1299000.0
New York,4.0,3.0,1400.0,1150000.0
New York,6.0,5.0,3534.0,1333333.0
New York,7.0,6.5,8200.0,13900000.0
New York,2.0,2.0,1120.0,679900.0
New York,3.0,2.0,1100.0,749999.0
New York,4.0,2.5,2093.0,1395000.0
New York,4.0,4.0,2268.0,1688888.0
New York,2.0,1.5,1200.0,629000.0
New York,3.0,2.5,1440.0,749980.0
New York,3.0,2.0,1248.0,840000.0
New York,4.0,2.5,1200.0,808000.0
New York,3.0,2.0,1400.0,665000.0
New York,4.0,2.5,1610.0,1100000.0
New York,2.0,1.0,828.0,500000.0
New York,5.0,3.0,2592.0,1160000.0
New York,3.0,2.5,994.0,869000.0
New York,3.0,2.0,1814.0,929000.0
New York,4.0,2.5,1553.0,568000.0
New York,2.0,1.5,952.0,699000.0
New York,5.0,2.0,4000.0,1395000.0
New York,5.0,2.5,1750.0,988000.0
New York,3.0,2.0,1476.0,1190000.0
New York,3.0,2.5,1120.0,799000.0
New York,3.0,2.0,1212.0,620000.0
New York,4.0,5.0,2037.0,2060000.0
New York,3.0,2.5,1035.0,849900.0
New York,3.0,1.0,1230.0,749000.0
New York,5.0,8.0,7058.0,22950000.0
New York,1.0,1.0,586.0,299900.0
New York,6.0,7.0,4400.0,2389000.0
New York,3.0,2.5,681.0,815000.0
New York,3.0,1.0,864.0,799000.0
New York,3.0,2.5,1430.0,1199900.0
New York,3.0,1.5,1240.0,485000.0
New York,3.0,2.5,1500.0,975000.0
New York,3.0,2.0,1530.0,749000.0
New York,5.0,2.0,1782.0,1200000.0
New York,5.0,2.5,2013.0,999000.0
New York,3.0,1.0,1072.0,530000.0
New York,4.0,2.0,1333.0,649999.0
New York,3.0,2.0,1440.0,829000.0
New York,7.0,5.0,3648.0,2600000.0
New York,3.0,2.5,1740.0,1599000.0
New York,4.0,2.0,1885.0,799000.0
New York,3.0,1.5,1125.0,800000.0
New York,4.0,3.0,3500.0,2200000.0
New York,2.0,4.0,1890.0,791000.0
New York,3.0,1.5,1378.0,649999.0
New York,3.0,1.0,1020.0,789999.0
New York,2.0,2.0,2000.0,600000.0
New York,4.0,3.5,1842.0,1289000.0
New York,3.0,1.5,1250.0,619999.0
New York,2.0,1.0,896.0,879000.0
New York,1.0,1.0,782.0,374888.0
New York,4.0,2.0,756.0,622999.0
New York,8.0,6.0,4500.0,3399000.0
New York,3.0,1.5,1708.0,850000.0
New York,8.0,3.5,2119.0,1150000.0
New York,3.0,3.0,1482.0,1398000.0
New York,5.0,8.0,3444.0,5250000.0
New York,4.0,3.5,2240.0,1800000.0
New York,3.0,1.0,1088.0,900000.0
New York,5.0,3.5,2655.0,825000.0
New York,3.0,1.0,960.0,850000.0
New York,4.0,2.0,2420.0,825000.0
New York,5.0,3.0,1700.0,1288000.0
New York,3.0,3.5,1760.0,849999.0
New York,4.0,2.0,2133.0,749900.0
New York,3.0,1.5,1144.0,585000.0
New York,3.0,1.0,1220.0,499999.0
New York,3.0,3.5,1700.0,819999.0
New York,3.0,2.5,1036.0,769000.0
New York,2.0,2.0,1248.0,899000.0
New York,2.0,2.0,992.0,1150000.0
New York,4.0,2.0,1456.0,1285000.0
New York,6.0,5.0,3000.0,1375000.0
New York,2.0,1.5,1495.0,1328800.0
New York,4.0,3.5,3000.0,2550000.0
New York,6.0,6.0,4050.0,2998000.0
New York,3.0,1.0,1100.0,849999.0
New York,6.0,4.5,3378.0,3090000.0
New York,4.0,3.5,760.0,1590000.0
New York,4.0,3.0,1800.0,1650000.0
New York,2.0,2.0,1200.0,645000.0
New York,3.0,2.5,60.0,650000.0
New York,2.0,2.0,1232.0,829000.0
New York,3.0,1.5,1224.0,629000.0
New York,6.0,4.0,2193.0,1499999.0
New York,6.0,5.0,5468.0,3800000.0
New York,3.0,1.5,2700.0,1250000.0
New York,2.0,2.0,957.0,879000.0
New York,3.0,2.5,1400.0,999999.0
New York,5.0,4.0,4711.0,9500000.0
New York,5.0,3.0,,820000.0
New York,4.0,3.0,1785.0,1350000.0
New York,3.0,1.5,1836.0,675000.0
New York,4.0,3.0,1200.0,1350000.0
New York,3.0,2.0,2455.0,1488800.0
New York,2.0,3.0,1521.0,670000.0
New York,3.0,1.0,1448.0,949000.0
New York,3.0,2.0,1188.0,990000.0
New York,3.0,1.5,1619.0,905000.0
New York,2.0,1.0,1537.0,694000.0
New York,3.0,2.0,1936.0,825000.0
New York,2.0,2.5,1000.0,1198000.0
New York,3.0,1.0,1100.0,599990.0
New York,3.0,2.5,1650.0,660000.0
New York,3.0,2.0,2145.0,877800.0
New York,3.0,2.5,2000.0,999000.0
New York,4.0,2.5,1305.0,799000.0
New York,2.0,1.5,1816.0,628888.0
New York,4.0,3.0,2480.0,1599000.0
New York,4.0,2.5,1992.0,1188800.0
New York,4.0,3.0,1500.0,1350000.0
New York,3.0,2.0,1440.0,849999.0
New York,3.0,2.0,1405.0,675000.0
New York,3.0,1.0,1063.0,1049000.0
New York,5.0,3.5,2119.0,1150000.0
New York,4.0,2.5,1328.0,1098000.0
New York,3.0,2.5,1665.0,1200000.0
New York,4.0,2.5,1936.0,995000.0
New York,3.0,1.5,1848.0,669800.0
New York,4.0,2.0,1416.0,749000.0
New York,3.0,3.0,1444.0,1148000.0
New York,3.0,3.5,1700.0,950000.0
New York,4.0,2.5,1595.0,899000.0
New York,3.0,2.5,1995.0,1468000.0
New York,4.0,3.5,3400.0,2950000.0
New York,5.0,3.0,2064.0,1095000.0
New York,6.0,4.0,1800.0,995000.0
New York,6.0,6.0,3600.0,3395000.0
New York,4.0,2.0,2000.0,1769000.0
New York,4.0,2.5,1550.0,749000.0
New York,3.0,2.0,1200.0,449999.0
New York,4.0,2.0,1472.0,698000.0
New York,9.0,7.0,4523.0,2399000.0
New York,3.0,2.5,1800.0,699999.0
New York,3.0,1.0,1400.0,640000.0
New York,2.0,1.5,1440.0,788500.0
New York,3.0,1.0,1050.0,699000.0
New York,5.0,5.0,2793.0,1999999.0
New York,3.0,2.5,1700.0,1088000.0
New York,4.0,4.0,,879000.0
New York,8.0,6.0,9500.0,5650000.0
New York,3.0,2.0,1800.0,747000.0
New York,3.0,1.5,1095.0,938000.0
New York,3.0,2.0,1328.0,729888.0
New York,3.0,1.5,1800.0,549000.0
New York,3.0,2.5,1432.0,799000.0
New York,3.0,2.5,1280.0,759000.0
New York,3.0,2.0,1650.0,2650000.0
New York,3.0,2.5,1504.0,950000.0
New York,4.0,3.0,2100.0,889000.0
New York,4.0,3.0,1200.0,699000.0
New York,3.0,2.5,1539.0,625000.0
New York,2.0,1.5,1364.0,619000.0
New York,3.0,1.0,1368.0,998000.0
New York,6.0,8.0,6000.0,30000000.0
New York,3.0,2.5,1590.0,629000.0
New York,3.0,2.0,921.0,648000.0
New York,4.0,3.5,5400.0,2198000.0
New York,4.0,3.5,3774.0,4095000.0
New York,4.0,2.0,646.0,1515000.0
New York,3.0,2.5,1332.0,988888.0
New York,3.0,2.5,1328.0,1350000.0
New York,3.0,2.5,1981.0,1070000.0
New York,3.0,1.5,1400.0,729000.0
New York,3.0,2.0,1620.0,799000.0
New York,3.0,3.0,1344.0,819000.0
New York,4.0,3.0,,955000.0
New York,3.0,1.5,1200.0,1100000.0
New York,4.0,2.5,1945.0,795000.0
New York,2.0,2.5,1500.0,799000.0
New York,8.0,5.5,6600.0,4650000.0
New York,4.0,2.0,1536.0,699000.0
New York,4.0,2.0,1823.0,979000.0
New York,1.0,2.0,1059.0,365000.0
New York,3.0,2.0,2750.0,2400000.0
New York,4.0,2.0,1780.0,1599000.0
New York,3.0,2.5,1944.0,749000.0
New York,2.0,1.0,1012.0,549000.0
New York,3.0,1.5,1224.0,599900.0
New York,6.0,4.0,2932.0,558888.0
New York,3.0,1.0,1788.0,938888.0
New York,4.0,3.0,2250.0,475000.0
New York,3.0,3.0,1800.0,939000.0
New York,3.0,4.0,1492.0,1225000.0
New York,2.0,2.0,2527.0,899000.0
New York,3.0,2.0,1056.0,849000.0
New York,3.0,3.0,1732.0,499000.0
New York,3.0,3.0,1320.0,649999.0
New York,3.0,1.5,1296.0,848000.0
New York,3.0,5.0,5115.0,2199999.0
New York,3.0,2.0,1540.0,728000.0
New York,3.0,2.0,1100.0,848888.0
New York,4.0,1.5,1980.0,869000.0
New York,4.0,4.0,2500.0,2260000.0
New York,3.0,2.5,1340.0,670000.0
New York,2.0,2.0,1008.0,488000.0
New York,2.0,2.0,900.0,638000.0
New York,2.0,1.5,1056.0,599000.0
New York,4.0,4.0,1674.0,799999.0
New York,3.0,3.0,1176.0,929000.0
New York,3.0,3.0,1320.0,629999.0
New York,4.0,1.5,1584.0,1350000.0
New York,3.0,3.0,1847.0,898888.0
New York,3.0,2.5,1324.0,875000.0
New York,3.0,1.5,1368.0,749999.0
New York,2.0,1.5,,1025000.0
New York,5.0,3.0,2324.0,650000.0
New York,4.0,2.0,1100.0,1050000.0
New York,3.0,2.0,1200.0,849988.0
New York,3.0,1.5,1050.0,1179000.0
New York,3.0,3.0,1200.0,865000.0
New York,3.0,2.5,1100.0,998000.0
New York,6.0,2.5,2088.0,1149000.0
New York,4.0,3.5,2346.0,2150000.0
New York,4.0,2.0,1650.0,1500000.0
New York,3.0,1.0,1500.0,895000.0
New York,4.0,2.0,1696.0,775000.0
New York,3.0,2.0,1623.0,649000.0
New York,3.0,1.5,1206.0,838000.0
New York,4.0,4.0,3225.0,3250000.0
New York,2.0,1.0,899.0,428000.0
New York,4.0,2.5,1314.0,829000.0
New York,3.0,1.0,1150.0,1039000.0
New York,7.0,5.0,,1475000.0
New York,3.0,2.5,1200.0,778000.0
New York,3.0,2.5,1300.0,760000.0
New York,8.0,8.0,5400.0,3900000.0
New York,4.0,3.0,2423.0,1198888.0
New York,4.0,4.0,3223.0,2288000.0
New York,1.0,1.0,837.0,325000.0
New York,3.0,2.5,1998.0,938888.0
New York,3.0,1.5,1800.0,725000.0
New York,4.0,4.0,3600.0,1650000.0
New York,8.0,2.0,1584.0,999000.0
New York,3.0,2.5,1472.0,699000.0
New York,3.0,4.0,2049.0,779888.0
New York,3.0,1.0,1552.0,685000.0
New York,4.0,4.0,2575.0,1399000.0
New York,5.0,3.5,3600.0,4500000.0
New York,3.0,2.5,1740.0,599999.0
Chicago,3.0,2.0,1020.0,265000.0
Chicago,2.0,1.0,880.0,68500.0
Chicago,5.0,3.0,2100.0,575000.0
Chicago,3.0,2.0,2400.0,340000.0
Chicago,4.0,2.5,1589.0,399900.0
Chicago,3.0,2.0,1600.0,199900.0
Chicago,3.0,2.5,1300.0,300000.0
Chicago,3.0,2.0,1340.0,399900.0
Chicago,5.0,3.0,2756.0,519900.0
Chicago,4.0,1.0,1856.0,160000.0
Chicago,4.0,2.0,1730.0,660000.0
Chicago,4.0,2.5,2402.0,365000.0
Chicago,6.0,6.0,5127.0,1895000.0
Chicago,3.0,1.5,1231.0,675000.0
Chicago,3.0,2.5,1100.0,275000.0
Chicago,4.0,1.5,2000.0,239900.0
Chicago,5.0,1.5,1107.0,127900.0
Chicago,4.0,2.0,1598.0,120000.0
Chicago,3.0,2.5,1300.0,429900.0
Chicago,4.0,2.0,1377.0,259900.0
Chicago,5.0,3.5,3300.0,999999.0
Chicago,4.0,3.5,2100.0,725000.0
Chicago,3.0,2.0,1060.0,140000.0
Chicago,4.0,3.5,2108.0,559000.0
Chicago,6.0,3.0,1800.0,264999.0
Chicago,2.0,2.0,1200.0,360000.0
Chicago,3.0,2.5,2700.0,479000.0
Chicago,4.0,1.5,980.0,150000.0
Chicago,4.0,2.5,1632.0,268999.0
Chicago,1.0,1.0,713.0,95999.0
Chicago,3.0,3.0,2000.0,213000.0
Chicago,5.0,2.0,1800.0,310000.0
Chicago,7.0,2.0,2800.0,150000.0
Chicago,3.0,1.0,1432.0,145000.0
Chicago,3.0,1.0,816.0,249000.0
Chicago,7.0,6.5,7000.0,3100000.0
Chicago,4.0,1.0,864.0,60000.0
Chicago,5.0,2.0,,85000.0
Chicago,3.0,2.0,1074.0,215000.0
Chicago,1.0,1.5,970.0,220000.0
Chicago,4.0,2.5,2108.0,180000.0
Chicago,3.0,1.5,1777.0,499000.0
Chicago,4.0,2.0,1702.0,254999.0
Chicago,3.0,2.0,1040.0,362000.0
Chicago,6.0,3.0,1968.0,99000.0
Chicago,6.0,3.0,2969.0,379000.0
Chicago,3.0,4.0,3619.0,849900.0
Chicago,4.0,1.0,1408.0,360000.0
Chicago,4.0,3.0,752.0,249900.0
Chicago,4.0,3.0,2024.0,498000.0
Chicago,3.0,2.0,1200.0,399000.0
Chicago,3.0,1.0,1198.0,235000.0
Chicago,4.0,3.5,2550.0,689900.0
Chicago,3.0,2.0,,269000.0
Chicago,3.0,1.5,1040.0,165000.0
Chicago,3.0,2.0,1184.0,399000.0
Chicago,3.0,1.5,1356.0,155000.0
Chicago,5.0,3.0,2571.0,475000.0
Chicago,4.0,1.5,,499000.0
Chicago,3.0,1.5,,534900.0
Chicago,4.0,3.0,1902.0,374000.0
Chicago,3.0,1.5,,1100000.0
Chicago,3.0,1.0,,215000.0
Chicago,3.0,2.0,1275.0,460000.0
Chicago,5.0,4.0,4182.0,425000.0
Chicago,3.0,3.5,2400.0,599000.0
Chicago,3.0,3.0,1700.0,399999.0
Chicago,4.0,2.0,1520.0,255000.0
Chicago,4.0,2.5,2500.0,499900.0
Chicago,3.0,3.0,2500.0,649000.0
Chicago,4.0,3.5,4300.0,1390000.0
Chicago,4.0,2.5,1980.0,299900.0
Chicago,5.0,4.0,3408.0,1000000.0
Chicago,3.0,2.0,,324900.0
Chicago,4.0,4.5,3840.0,1250000.0
Chicago,3.0,1.0,880.0,99999.0
Chicago,4.0,3.5,2559.0,699900.0
Chicago,3.0,2.0,,515000.0
Chicago,2.0,3.0,2900.0,550000.0
Chicago,4.0,2.0,2142.0,224900.0
Chicago,4.0,3.5,,1499999.0
Chicago,4.0,4.5,,1250000.0
Chicago,4.0,1.5,1807.0,295000.0
Chicago,4.0,5.5,,2025000.0
Chicago,6.0,5.0,3500.0,1399999.0
Chicago,3.0,2.0,1421.0,485000.0
Chicago,3.0,3.5,2800.0,595000.0
Chicago,2.0,3.0,1896.0,499900.0
Chicago,4.0,3.5,4100.0,1750000.0
Chicago,3.0,2.0,1565.0,235000.0
Chicago,4.0,3.0,2400.0,445000.0
Chicago,3.0,2.0,1039.0,379000.0
Chicago,3.0,2.0,,315300.0
Chicago,3.0,1.5,1023.0,486000.0
Chicago,3.0,2.5,2672.0,715000.0
Chicago,4.0,3.0,1700.0,475000.0
Chicago,4.0,2.0,1753.0,599770.0
Chicago,3.0,3.0,2100.0,390000.0
Chicago,4.0,1.5,1938.0,339000.0
Chicago,3.0,1.5,1188.0,389900.0
Chicago,3.0,2.0,1500.0,399999.0
Chicago,4.0,3.0,2346.0,339990.0
Chicago,3.0,2.0,966.0,349900.0
Chicago,4.0,2.0,1500.0,323000.0
Chicago,3.0,2.0,1364.0,375000.0
Chicago,4.0,2.0,1775.0,370000.0
Chicago,4.0,1.0,923.0,369000.0
Chicago,3.0,2.5,2370.0,335000.0
Chicago,4.0,4.0,1950.0,327999.0
Chicago,3.0,2.0,1245.0,385900.0
Chicago,3.0,2.0,1496.0,349900.0
Chicago,3.0,1.5,1305.0,375000.0
Chicago,3.0,2.0,1306.0,395000.0
Chicago,4.0,2.0,864.0,339900.0
Chicago,3.0,1.0,1200.0,271000.0
Chicago,4.0,2.0,946.0,189900.0
Chicago,3.0,1.0,,290000.0
Chicago,3.0,1.0,1229.0,200000.0
Chicago,3.0,2.0,1000.0,220000.0
Chicago,2.0,1.0,1320.0,134900.0
Chicago,4.0,3.0,,475000.0
Chicago,4.0,3.5,3600.0,1600000.0
Chicago,3.0,1.0,1446.0,299000.0
Chicago,3.0,1.5,1200.0,305000.0
Chicago,4.0,2.5,2767.0,688000.0
Chicago,4.0,4.5,5113.0,2270000.0
Chicago,3.0,2.0,1035.0,269900.0
Chicago,3.0,1.5,1152.0,310000.0
Chicago,4.0,2.5,1825.0,299800.0
Chicago,3.0,2.0,1040.0,220000.0
Chicago,2.0,1.0,1071.0,125000.0
Chicago,4.0,2.0,1197.0,299900.0
Chicago,3.0,3.5,2600.0,579000.0
Chicago,3.0,2.5,3900.0,575000.0
Chicago,4.0,2.0,1400.0,169900.0
Chicago,2.0,2.0,2804.0,499900.0
Chicago,4.0,2.5,2500.0,300000.0
Chicago,4.0,2.0,2094.0,299900.0
Chicago,4.0,4.5,,1749900.0
Chicago,6.0,3.0,1997.0,449900.0
Chicago,3.0,2.0,2204.0,522000.0
Chicago,4.0,3.0,2172.0,559500.0
Chicago,5.0,3.0,3000.0,515000.0
Chicago,3.0,2.0,1280.0,249000.0
Chicago,2.0,1.5,1697.0,300000.0
Chicago,2.0,1.0,987.0,75000.0
Chicago,4.0,2.0,2102.0,150000.0
Chicago,3.0,2.0,1046.0,224900.0
Chicago,3.0,2.0,,529000.0
Chicago,4.0,3.5,2700.0,699000.0
Chicago,3.0,3.5,2805.0,1799000.0
Chicago,3.0,2.0,2000.0,525000.0
Chicago,3.0,2.5,1749.0,244900.0
Chicago,3.0,3.5,2725.0,420000.0
Chicago,3.0,2.5,1132.0,310000.0
Chicago,4.0,2.5,1768.0,205000.0
Chicago,3.0,3.5,2455.0,899900.0
Chicago,4.0,2.5,2700.0,590000.0
Chicago,3.0,2.0,1176.0,219900.0
Chicago,3.0,1.5,,174900.0
Chicago,3.0,2.5,,699000.0
Chicago,3.0,1.5,1080.0,24990.0
Chicago,4.0,3.5,,875000.0
Chicago,4.0,3.0,,199900.0
Chicago,2.0,1.0,900.0,95000.0
Chicago,2.0,1.0,800.0,159000.0
Chicago,4.0,3.0,3534.0,599000.0
Chicago,3.0,3.0,1918.0,668500.0
Chicago,3.0,1.5,2100.0,175000.0
Chicago,3.0,3.5,2400.0,650000.0
Chicago,3.0,3.0,1683.0,699000.0
Chicago,3.0,1.0,920.0,307500.0
Chicago,4.0,3.0,2656.0,693000.0
Chicago,4.0,2.0,1400.0,239900.0
Chicago,3.0,2.5,3400.0,715000.0
Chicago,3.0,3.5,,1200000.0
Chicago,3.0,3.5,,850000.0
Chicago,4.0,2.0,2502.0,280000.0
Chicago,2.0,2.0,1264.0,360000.0
Chicago,4.0,2.0,1176.0,180000.0
Chicago,3.0,3.0,1800.0,359999.0
Chicago,2.0,1.0,1036.0,399000.0
Chicago,3.0,2.0,,339900.0
Chicago,4.0,3.0,2226.0,724900.0
Chicago,2.0,2.0,672.0,224999.0
Chicago,4.0,3.0,,635000.0
Chicago,3.0,2.0,2400.0,149999.0
Chicago,3.0,1.0,1092.0,299999.0
Chicago,3.0,3.5,2146.0,599995.0
Chicago,4.0,1.5,2400.0,249900.0
Chicago,3.0,2.0,2446.0,299000.0
Chicago,2.0,1.0,800.0,135000.0
Chicago,2.0,1.0,731.0,235000.0
Chicago,4.0,1.5,,549000.0
Chicago,4.0,2.0,1500.0,225000.0
Chicago,3.0,3.0,2162.0,325000.0
Chicago,3.0,3.0,1800.0,369900.0
Chicago,3.0,2.0,2200.0,299900.0
Chicago,6.0,2.5,3850.0,499000.0
Chicago,1.0,1.0,400.0,240000.0
Chicago,3.0,1.0,801.0,101900.0
Chicago,6.0,8.0,5486.0,2000000.0
Chicago,3.0,2.0,2200.0,289900.0
Chicago,3.0,1.5,988.0,329900.0
Chicago,3.0,2.0,1980.0,179900.0
Chicago,4.0,1.5,1121.0,160000.0
Chicago,3.0,2.0,1582.0,469000.0
Chicago,4.0,2.5,1789.0,124900.0
Chicago,3.0,2.0,1400.0,259900.0
Chicago,4.0,3.5,4000.0,1650000.0
Chicago,3.0,3.0,2400.0,329900.0
Chicago,3.0,2.5,2200.0,359900.0
Chicago,3.0,1.5,,719000.0
Chicago,4.0,3.5,,1099000.0
Chicago,3.0,2.0,1200.0,499900.0
Chicago,3.0,3.0,1800.0,309900.0
Chicago,3.0,2.5,1444.0,249900.0
Chicago,2.0,1.0,960.0,299500.0
Chicago,3.0,2.5,1658.0,459900.0
Chicago,3.0,1.0,1000.0,220000.0
Chicago,4.0,3.0,2200.0,575000.0
Chicago,3.0,2.5,3028.0,649900.0
Chicago,3.0,1.0,1351.0,155000.0
Chicago,4.0,3.0,,550000.0
Chicago,3.0,1.5,1272.0,399900.0
Chicago,3.0,2.5,1299.0,280000.0
Chicago,4.0,3.0,2303.0,208900.0
Chicago,3.0,1.5,1880.0,474900.0
Chicago,2.0,3.0,1847.0,460000.0
Chicago,4.0,3.0,,325000.0
Chicago,3.0,3.0,2256.0,249900.0
Chicago,4.0,3.0,3137.0,649000.0
Chicago,3.0,2.0,1242.0,315000.0
Chicago,4.0,2.0,1650.0,229900.0
Chicago,6.0,3.0,2500.0,339900.0
Chicago,4.0,3.5,3000.0,839000.0
Chicago,3.0,2.0,1020.0,259900.0
Chicago,4.0,3.0,1490.0,439900.0
Chicago,4.0,3.0,2800.0,119900.0
Chicago,4.0,2.0,2000.0,249873.0
Chicago,4.0,2.0,2070.0,499900.0
Chicago,4.0,4.5,5000.0,1875000.0
Chicago,6.0,4.5,4000.0,1725000.0
Chicago,3.0,2.0,1980.0,315000.0
Chicago,2.0,2.0,1600.0,248999.0
Chicago,3.0,2.0,2032.0,369900.0
Chicago,4.0,3.5,2900.0,599900.0
Chicago,3.0,1.0,1773.0,349900.0
Chicago,3.0,2.5,1388.0,459900.0
Chicago,5.0,6.0,4200.0,3395000.0
Chicago,3.0,1.5,1344.0,469900.0
Chicago,3.0,2.0,1119.0,299900.0
Chicago,4.0,1.0,1280.0,150000.0
Chicago,3.0,2.0,2206.0,349000.0
Chicago,3.0,1.5,1344.0,259000.0
Chicago,3.0,1.0,1305.0,85000.0
Chicago,3.0,3.5,2567.0,425000.0
Chicago,3.0,1.5,1250.0,229900.0
Chicago,5.0,3.0,6200.0,199900.0
Chicago,4.0,3.0,1400.0,274900.0
Chicago,3.0,1.0,1243.0,170000.0
Chicago,3.0,1.0,1038.0,150000.0
Chicago,4.0,3.5,3210.0,850000.0
Chicago,3.0,2.0,2365.0,410000.0
Chicago,3.0,2.5,2300.0,579000.0
Chicago,4.0,2.0,1941.0,510000.0
Chicago,4.0,2.0,1900.0,279999.0
Chicago,2.0,1.5,1364.0,159000.0
Chicago,4.0,2.0,1726.0,244900.0
Chicago,3.0,1.0,960.0,124900.0
Chicago,2.0,2.0,1200.0,299999.0
Chicago,4.0,4.5,4700.0,2495000.0
Chicago,4.0,2.0,1700.0,279500.0
Chicago,2.0,1.5,1837.0,350000.0
Chicago,2.0,1.5,1100.0,99900.0
Chicago,3.0,2.5,1559.0,290500.0
Chicago,5.0,1.0,1704.0,380000.0
Chicago,3.0,2.0,1040.0,264000.0
Chicago,4.0,1.0,1365.0,235000.0
Chicago,3.0,2.0,960.0,169000.0
Chicago,3.0,1.0,1103.0,176500.0
Chicago,2.0,1.0,1000.0,319000.0
Chicago,4.0,2.0,962.0,169900.0
Chicago,3.0,3.0,2899.0,489000.0
Chicago,3.0,2.0,1800.0,279000.0
Chicago,3.0,1.0,1188.0,69000.0
Chicago,3.0,1.5,2400.0,549888.0
Chicago,3.0,2.0,2000.0,299000.0
Chicago,3.0,1.0,1200.0,199900.0
Chicago,5.0,2.0,1000.0,299900.0
Chicago,6.0,3.5,,975000.0
Chicago,3.0,2.5,2127.0,629900.0
Chicago,5.0,4.5,1100.0,675000.0
Chicago,3.0,2.0,3125.0,346000.0
Chicago,6.0,7.0,7790.0,6900000.0
Chicago,5.0,3.5,4000.0,1399000.0
Chicago,4.0,3.0,2031.0,199900.0
Chicago,4.0,3.0,2172.0,445000.0
Chicago,4.0,2.5,2532.0,798000.0
Chicago,4.0,2.0,1209.0,269000.0
Chicago,3.0,2.0,1350.0,625000.0
Chicago,3.0,3.0,900.0,339000.0
Chicago,3.0,1.5,1181.0,189000.0
Chicago,4.0,3.5,,675000.0
Chicago,4.0,3.0,3200.0,1299999.0
Chicago,3.0,1.0,1020.0,225000.0
Chicago,4.0,4.0,3800.0,600000.0
Chicago,3.0,4.0,2580.0,595000.0
Chicago,3.0,2.0,,315000.0
Chicago,3.0,2.0,2144.0,549900.0
Chicago,3.0,1.5,3750.0,154999.0
Chicago,3.0,2.0,1400.0,489000.0
Chicago,3.0,2.0,2000.0,324900.0
Chicago,3.0,2.5,1650.0,319900.0
Chicago,3.0,1.0,3125.0,99900.0
Chicago,3.0,1.5,1150.0,134900.0
Chicago,5.0,3.0,2700.0,735000.0
Chicago,3.0,4.0,2100.0,524500.0
Chicago,4.0,2.0,1323.0,280000.0
Chicago,4.0,4.0,3458.0,700000.0
Chicago,4.0,3.0,2945.0,650000.0
Chicago,4.0,1.5,2127.0,725000.0
Chicago,3.0,1.5,1200.0,199900.0
Chicago,2.0,3.0,3600.0,315000.0
Chicago,3.0,3.0,2400.0,375000.0
Chicago,3.0,3.5,4050.0,950000.0
Chicago,2.0,1.0,864.0,79900.0
Chicago,3.0,2.0,1495.0,195000.0
Chicago,6.0,3.0,,550000.0
Chicago,4.0,3.5,2914.0,927000.0
Chicago,4.0,3.0,1200.0,314900.0
Chicago,6.0,5.0,7000.0,1799000.0
Chicago,4.0,2.0,2996.0,299900.0
Chicago,3.0,2.0,1404.0,269900.0
Chicago,3.0,1.5,1260.0,199900.0
Chicago,3.0,1.0,1452.0,215000.0
Chicago,4.0,3.0,3250.0,584900.0
Chicago,4.0,3.0,3450.0,620000.0
Chicago,3.0,1.5,1520.0,174900.0
Chicago,6.0,3.0,2500.0,270000.0
Chicago,4.0,3.0,1800.0,449000.0
Chicago,2.0,2.5,1306.0,925000.0
Chicago,4.0,2.0,5230.0,339900.0
Chicago,4.0,2.0,2200.0,224900.0
Chicago,4.0,2.5,3000.0,695000.0
Chicago,3.0,2.0,1040.0,369900.0
Chicago,3.0,2.0,1020.0,389900.0
Chicago,3.0,2.0,1124.0,295000.0
Chicago,4.0,2.0,1800.0,319999.0
Chicago,4.0,2.5,1511.0,549900.0
Chicago,4.0,2.5,3420.0,699900.0
Chicago,2.0,2.0,1000.0,234900.0
Chicago,3.0,3.0,,595000.0
Chicago,3.0,2.0,1870.0,499900.0
Chicago,2.0,2.5,1727.0,450000.0
Chicago,5.0,4.5,2859.0,1000000.0
Chicago,3.0,1.0,1212.0,169900.0
Chicago,3.0,1.5,1040.0,269000.0
Chicago,3.0,2.0,1250.0,79900.0
Chicago,3.0,1.0,1095.0,150000.0
Chicago,3.0,2.0,1330.0,259900.0
Chicago,3.0,2.0,,350000.0
Chicago,3.0,2.0,1600.0,159000.0
Chicago,3.0,2.0,1200.0,379000.0
Chicago,3.0,2.0,1456.0,255000.0
Chicago,3.0,2.0,1900.0,419900.0
Chicago,4.0,3.5,3200.0,799900.0
Chicago,3.0,2.0,1400.0,315000.0
Chicago,5.0,4.0,4752.0,795000.0
Chicago,7.0,2.0,2200.0,299900.0
Chicago,3.0,2.0,1008.0,214000.0
Chicago,3.0,1.0,1125.0,264900.0
Chicago,2.0,1.0,1000.0,255000.0
Chicago,4.0,2.0,1986.0,299900.0
Chicago,4.0,3.0,2654.0,324900.0
Chicago,3.0,2.0,1589.0,299900.0
Chicago,3.0,2.0,2029.0,224000.0
Chicago,3.0,3.5,2700.0,549000.0
Chicago,4.0,1.0,1152.0,278000.0
Chicago,3.0,1.5,1272.0,219000.0
Chicago,4.0,2.0,1720.0,785000.0
Chicago,3.0,2.5,1200.0,359900.0
Chicago,3.0,3.5,2700.0,729000.0
Chicago,3.0,1.0,1550.0,209900.0
Chicago,3.0,2.0,1766.0,365000.0
Chicago,3.0,3.0,1834.0,549000.0
Chicago,3.0,2.0,2000.0,450000.0
Chicago,4.0,2.5,2510.0,524900.0
Chicago,3.0,2.0,,649900.0
Chicago,2.0,2.5,1200.0,269000.0
Chicago,5.0,3.5,4680.0,1939000.0
Chicago,3.0,2.0,1276.0,385000.0
Chicago,3.0,1.0,1161.0,179900.0
Chicago,3.0,3.5,2500.0,410000.0
Chicago,6.0,2.5,3250.0,899000.0
Chicago,4.0,3.0,2508.0,299900.0
Chicago,5.0,8.0,9200.0,8790000.0
Chicago,2.0,1.0,1206.0,239900.0
Chicago,5.0,3.0,1759.0,349999.0
Chicago,3.0,1.0,769.0,200000.0
Chicago,3.0,2.0,,725000.0
Chicago,4.0,2.0,870.0,79900.0
Chicago,3.0,2.5,2400.0,499000.0
Chicago,5.0,2.0,3523.0,399999.0
Chicago,4.0,3.5,3000.0,999500.0
Chicago,5.0,3.5,4036.0,2595000.0
Chicago,4.0,2.0,1500.0,279900.0
Chicago,5.0,2.5,2000.0,320000.0
Chicago,5.0,3.0,3659.0,799900.0
Chicago,3.0,1.5,1020.0,225000.0
Chicago,3.0,2.0,1732.0,440000.0
Chicago,3.0,3.0,2200.0,419999.0
Chicago,3.0,3.5,3600.0,799000.0
Chicago,3.0,2.0,1040.0,284500.0
Chicago,3.0,1.0,960.0,99000.0
Chicago,3.0,1.5,1835.0,259000.0
Chicago,2.0,2.0,,435000.0
Chicago,4.0,2.5,,439000.0
Chicago,3.0,2.0,1200.0,225000.0
Chicago,4.0,2.0,1800.0,468880.0
Chicago,3.0,2.0,1200.0,229000.0
Chicago,4.0,2.5,2718.0,330000.0
Chicago,3.0,2.5,1921.0,760000.0
Chicago,4.0,3.0,2400.0,496000.0
Chicago,3.0,1.0,1430.0,300000.0
Chicago,4.0,2.5,1806.0,695000.0
Chicago,4.0,2.0,1016.0,318990.0
Chicago,5.0,3.0,2005.0,349900.0
Chicago,2.0,1.0,1422.0,124900.0
Chicago,5.0,2.0,1400.0,295000.0
Chicago,5.0,2.0,2352.0,499000.0
Chicago,4.0,4.0,2800.0,379000.0
Chicago,3.0,1.5,1300.0,201999.0
Chicago,1.0,1.0,716.0,126999.0
Chicago,5.0,4.0,5112.0,2199000.0
Chicago,3.0,2.0,1836.0,310000.0
Chicago,4.0,1.5,1872.0,549000.0
Chicago,5.0,2.5,3300.0,1130000.0
Chicago,6.0,2.5,2836.0,639900.0
Chicago,5.0,2.5,,360500.0
Chicago,2.0,2.0,1700.0,270000.0
Chicago,4.0,3.0,2700.0,379000.0
Chicago,4.0,2.0,1300.0,189000.0
Chicago,3.0,2.0,1032.0,260000.0
Chicago,2.0,1.5,1628.0,474900.0
Chicago,3.0,2.0,1700.0,524900.0
Chicago,3.0,3.0,1380.0,435000.0
Chicago,3.0,2.0,2100.0,350000.0
Chicago,3.0,2.0,1040.0,425000.0
Chicago,3.0,2.0,672.0,125000.0
Chicago,4.0,2.0,600.0,159921.0
Chicago,5.0,3.5,2950.0,1675000.0
Chicago,3.0,2.0,1150.0,349900.0
Chicago,3.0,2.0,2100.0,469900.0
Chicago,3.0,1.0,1080.0,154900.0
Chicago,3.0,1.5,1296.0,479000.0
Chicago,4.0,3.5,2940.0,739900.0
Chicago,2.0,2.0,1000.0,325000.0
Chicago,3.0,2.5,1800.0,279000.0
Chicago,4.0,3.0,3100.0,989000.0
Chicago,5.0,2.0,760.0,149900.0
Chicago,2.0,2.0,640.0,264900.0
Chicago,4.0,3.0,2508.0,675000.0
Chicago,4.0,1.5,2490.0,599999.0
Chicago,4.0,2.0,1439.0,245000.0
Chicago,3.0,1.5,969.0,240000.0
Chicago,3.0,2.0,840.0,370000.0
Chicago,3.0,2.5,2800.0,319900.0
Chicago,3.0,1.5,1064.0,169900.0
Chicago,3.0,1.0,1408.0,129999.0
Chicago,2.0,2.0,1800.0,379200.0
Chicago,3.0,1.0,1192.0,345000.0
Chicago,3.0,2.5,3000.0,420000.0
Chicago,4.0,3.5,,1050000.0
Chicago,3.0,2.0,1656.0,195000.0
Chicago,3.0,2.0,2807.0,259900.0
Chicago,4.0,1.5,1600.0,199777.0
Chicago,3.0,2.0,939.0,224900.0
Chicago,2.0,2.0,1000.0,69900.0
Chicago,4.0,3.0,1124.0,239900.0
Chicago,3.0,2.0,2500.0,235000.0
Chicago,3.0,2.0,1380.0,169500.0
Chicago,3.0,2.0,1692.0,378000.0
Chicago,3.0,2.5,2000.0,285000.0
Chicago,5.0,4.5,4400.0,850000.0
Chicago,2.0,1.0,1350.0,469000.0
Chicago,3.0,1.0,1050.0,154900.0
Chicago,3.0,2.0,1268.0,424900.0
Chicago,2.0,1.0,1060.0,59000.0
Chicago,3.0,2.5,2000.0,597000.0
Chicago,3.0,3.0,1350.0,324900.0
Chicago,3.0,3.0,2573.0,299900.0
Chicago,4.0,4.0,1488.0,374900.0
Chicago,2.0,2.0,1056.0,299000.0
Chicago,5.0,3.0,,522000.0
Chicago,4.0,4.0,1600.0,315000.0
Chicago,4.0,3.0,1176.0,299000.0
Chicago,3.0,1.5,1200.0,49900.0
Chicago,4.0,3.0,2300.0,599900.0
Chicago,3.0,1.5,1142.0,215000.0
Chicago,3.0,2.0,1225.0,247000.0
Chicago,3.0,1.0,,199000.0
Chicago,4.0,1.0,1221.0,130000.0
Chicago,5.0,4.5,3900.0,1199900.0
Chicago,4.0,3.5,,399900.0
Chicago,4.0,3.0,2780.0,620000.0
Chicago,2.0,2.5,1504.0,299900.0
Chicago,2.0,3.0,2944.0,724999.0
Chicago,3.0,3.0,1425.0,299000.0
Chicago,3.0,2.0,1993.0,389777.0
Chicago,5.0,3.5,2371.0,489900.0
Chicago,4.0,4.0,2769.0,699000.0
Chicago,4.0,2.5,3391.0,339900.0
Chicago,4.0,5.0,4100.0,1449000.0
Chicago,2.0,3.5,,1499000.0
Chicago,3.0,3.5,,775000.0
Chicago,2.0,1.0,965.0,144900.0
Chicago,5.0,9.0,10179.0,6250000.0
Chicago,3.0,1.5,1366.0,169900.0
Chicago,4.0,2.0,1800.0,289000.0
Chicago,5.0,3.5,4640.0,1549000.0
Chicago,3.0,3.0,1450.0,259900.0
Chicago,5.0,2.0,,169900.0
Chicago,4.0,2.0,1640.0,220000.0
Chicago,3.0,2.0,1117.0,439999.0
Chicago,4.0,3.0,1653.0,450000.0
Chicago,3.0,1.5,1244.0,314999.0
Chicago,3.0,2.5,,799000.0
Chicago,3.0,2.0,1600.0,305000.0
Chicago,5.0,1.0,1150.0,195000.0
Chicago,4.0,3.0,1659.0,499999.0
Chicago,5.0,3.5,3000.0,865000.0
Chicago,4.0,2.5,3380.0,429000.0
Chicago,6.0,4.5,5000.0,2595000.0
Chicago,4.0,2.5,2250.0,724900.0
Chicago,4.0,1.5,2033.0,550000.0
Chicago,5.0,2.0,1900.0,240000.0
Chicago,4.0,4.0,1800.0,449900.0
Chicago,5.0,1.5,2000.0,349900.0
Chicago,3.0,1.0,1329.0,369900.0
Chicago,4.0,3.5,3200.0,907500.0
Chicago,3.0,2.0,1204.0,399000.0
Chicago,4.0,2.0,2000.0,449000.0
Chicago,3.0,2.0,1060.0,449900.0
Chicago,5.0,4.0,1444.0,469000.0
Chicago,3.0,1.0,1078.0,179900.0
Chicago,3.0,1.0,1080.0,275000.0
Chicago,4.0,3.0,1650.0,200000.0
Chicago,4.0,3.0,2200.0,599000.0
Chicago,3.0,1.0,2638.0,199000.0
Chicago,3.0,3.5,2900.0,559900.0
Chicago,4.0,3.0,3500.0,689900.0
Chicago,4.0,1.5,,155000.0
Chicago,4.0,2.0,1217.0,285000.0
Chicago,4.0,2.0,1300.0,225000.0
Chicago,3.0,2.0,1875.0,289000.0
Chicago,3.0,3.5,3000.0,689900.0
Chicago,3.0,2.0,1485.0,249900.0
Chicago,5.0,5.0,4638.0,799000.0
Chicago,4.0,3.0,1838.0,299990.0
Chicago,4.0,3.0,,469500.0
Chicago,3.0,2.0,1000.0,494999.0
Chicago,4.0,3.5,3200.0,1450000.0
Chicago,2.0,1.0,889.0,274900.0
Chicago,3.0,1.0,1106.0,59000.0
Chicago,4.0,2.0,1969.0,234999.0
Chicago,3.0,1.0,893.0,189900.0
Chicago,2.0,2.0,900.0,240000.0
Chicago,3.0,2.5,2961.0,379900.0
Chicago,3.0,2.0,1914.0,399900.0
Chicago,3.0,2.0,1400.0,269000.0
Chicago,5.0,3.5,3290.0,699000.0
Chicago,3.0,4.0,3000.0,1750000.0
Chicago,4.0,2.0,,379000.0
Chicago,3.0,2.0,1652.0,559000.0
Chicago,5.0,1.5,,320000.0
Chicago,3.0,2.5,2800.0,1725000.0
Chicago,4.0,5.5,8000.0,3500000.0
Chicago,3.0,1.5,2400.0,699900.0
Chicago,4.0,3.0,1963.0,579000.0
Chicago,3.0,2.5,2446.0,284900.0
Chicago,4.0,3.0,1136.0,450000.0
Chicago,3.0,1.0,1040.0,189000.0
Chicago,5.0,2.0,1225.0,279000.0
Chicago,5.0,4.5,3446.0,830000.0
Chicago,5.0,4.5,3240.0,1175000.0
Chicago,3.0,3.5,2400.0,249900.0
Chicago,4.0,2.5,2616.0,688888.0
Chicago,4.0,3.0,2252.0,339900.0
Chicago,8.0,3.0,3837.0,670000.0
Chicago,1.0,2.0,1295.0,217000.0
Chicago,4.0,2.0,1557.0,110000.0
Chicago,2.0,1.0,935.0,299990.0
Chicago,4.0,2.0,1829.0,275000.0
Chicago,3.0,3.0,2000.0,299926.0
Chicago,5.0,4.0,3930.0,747500.0
Chicago,3.0,1.5,1540.0,599000.0
Chicago,3.0,2.0,1500.0,475000.0
Chicago,4.0,2.5,2900.0,339500.0
Chicago,4.0,2.0,1300.0,139900.0
Chicago,4.0,3.0,1895.0,227000.0
Chicago,3.0,1.0,1740.0,99999.0
Chicago,4.0,2.0,1100.0,40000.0
Chicago,4.0,3.0,2750.0,332500.0
Chicago,3.0,2.5,,668000.0
Chicago,4.0,3.5,3600.0,1349000.0
Chicago,4.0,3.0,1177.0,437000.0
Chicago,5.0,2.0,2135.0,475000.0
Chicago,6.0,2.0,1504.0,230000.0
Chicago,5.0,3.0,2982.0,629900.0
Chicago,3.0,2.5,,389000.0
Chicago,3.0,1.0,1190.0,80000.0
Chicago,4.0,3.5,1700.0,474900.0
Chicago,2.0,3.0,1450.0,229900.0
Chicago,5.0,2.0,1044.0,139900.0
Chicago,4.0,9.0,7600.0,5495000.0
Chicago,4.0,2.0,1012.0,65000.0
Chicago,3.0,2.0,962.0,197000.0
Chicago,2.0,1.0,1096.0,95000.0
Chicago,2.0,2.0,1200.0,299900.0
Chicago,3.0,3.5,,1395000.0
Chicago,4.0,3.5,3000.0,785000.0
Chicago,5.0,2.0,1400.0,43000.0
Chicago,5.0,2.0,1600.0,49000.0
Chicago,4.0,2.0,1414.0,247900.0
Chicago,5.0,3.0,1510.0,359000.0
Chicago,2.0,1.5,1000.0,249000.0
Chicago,3.0,2.0,1050.0,180000.0
Chicago,4.0,3.0,2156.0,430000.0
Chicago,3.0,2.5,1400.0,304900.0
Chicago,3.0,1.0,1318.0,419000.0
Chicago,5.0,2.0,1350.0,59900.0
Chicago,4.0,1.5,711.0,299900.0
Chicago,3.0,1.5,1910.0,255000.0
Chicago,6.0,3.0,1845.0,269000.0
Chicago,3.0,3.5,1618.0,499500.0
Chicago,5.0,5.0,5200.0,1099000.0
Chicago,4.0,2.5,,549900.0
Chicago,6.0,3.0,1584.0,424900.0
Chicago,3.0,2.0,1699.0,570000.0
Chicago,2.0,2.0,1150.0,284500.0
Chicago,4.0,2.0,1650.0,219000.0
Chicago,3.0,1.5,2282.0,649000.0
Chicago,3.0,3.0,1312.0,355900.0
Chicago,3.0,3.5,3500.0,800000.0
Chicago,3.0,2.0,1163.0,229999.0
Chicago,4.0,1.5,1900.0,215000.0
Chicago,3.0,1.0,1178.0,260000.0
Chicago,4.0,2.0,2198.0,699999.0
Chicago,4.0,4.0,3168.0,799900.0
Chicago,3.0,2.5,2130.0,550000.0
Chicago,3.0,1.0,940.0,99500.0
Chicago,3.0,2.5,2000.0,900000.0
Chicago,3.0,1.0,1320.0,220000.0
Chicago,2.0,1.5,1642.0,165000.0
Chicago,5.0,2.5,1600.0,369900.0
Chicago,4.0,2.0,1200.0,315000.0
Chicago,3.0,3.0,2000.0,265000.0
Chicago,4.0,1.5,1036.0,252000.0
Chicago,3.0,1.5,1678.0,429900.0
Chicago,3.0,2.0,939.0,339900.0
Chicago,3.0,3.5,2855.0,849999.0
Chicago,4.0,2.0,1998.0,180987.0
Chicago,6.0,1.5,1713.0,179900.0
Chicago,4.0,3.5,3200.0,1100000.0
Chicago,3.0,1.5,1732.0,340000.0
Chicago,4.0,3.5,4453.0,749000.0
Chicago,4.0,2.0,1508.0,425000.0
Chicago,2.0,1.5,1141.0,199900.0
Chicago,4.0,2.5,2300.0,279000.0
Chicago,3.0,2.0,,130000.0
Chicago,4.0,1.0,1500.0,225900.0
Chicago,4.0,3.0,,497500.0
Chicago,5.0,2.5,2641.0,699900.0
Chicago,4.0,2.0,2177.0,200000.0
Chicago,2.0,2.0,1800.0,240000.0
Chicago,4.0,3.0,2800.0,479000.0
Chicago,4.0,3.0,2000.0,539900.0
Chicago,3.0,2.0,1404.0,460000.0
Chicago,5.0,2.5,2600.0,775000.0
Chicago,2.0,1.0,1071.0,569000.0
Chicago,4.0,2.0,1140.0,149000.0
Chicago,2.0,3.5,3330.0,1799000.0
Chicago,5.0,3.5,3318.0,1299770.0
Chicago,4.0,2.0,2576.0,399000.0
Chicago,3.0,2.0,1500.0,246900.0
Chicago,3.0,1.5,,799000.0
Chicago,3.0,2.5,1586.0,289999.0
Chicago,4.0,2.0,3973.0,379000.0
Chicago,2.0,1.0,1300.0,249900.0
Chicago,2.0,2.0,1165.0,335000.0
Chicago,4.0,2.0,1421.0,449000.0
Chicago,4.0,2.5,,810000.0
Chicago,3.0,2.0,1617.0,229900.0
Chicago,3.0,1.0,1433.0,319900.0
Chicago,3.0,2.0,1100.0,325000.0
Chicago,6.0,2.0,1800.0,344900.0
Chicago,5.0,3.0,2257.0,585000.0
Chicago,3.0,2.0,1448.0,445000.0
Chicago,3.0,4.5,3000.0,639999.0
